emocion,lbp_1,lbp_2,lbp_3,lbp_4,lbp_5,lbp_6,lbp_7,lbp_8,lbp_9,lbp_10,lbp_11,lbp_12,lbp_13,lbp_14,lbp_15,lbp_16,lbp_17,lbp_18,lbp_19,lbp_20,lbp_21,lbp_22,lbp_23,lbp_24,lbp_25,lbp_26,lbp_27,lbp_28,lbp_29,lbp_30,lbp_31,lbp_32,lbp_33,lbp_34,lbp_35,lbp_36,lbp_37,lbp_38,lbp_39,lbp_40,lbp_41,lbp_42,lbp_43,lbp_44,lbp_45,lbp_46,lbp_47,lbp_48,lbp_49,lbp_50,lbp_51,lbp_52,lbp_53,lbp_54,lbp_55,lbp_56,lbp_57,lbp_58,lbp_59,hog_1,hog_2,hog_3,hog_4,hog_5,hog_6,hog_7,hog_8,hog_9,hog_10,hog_11,hog_12,hog_13,hog_14,hog_15,hog_16,hog_17,hog_18,hog_19,hog_20,hog_21,hog_22,hog_23,hog_24,hog_25,hog_26,hog_27,hog_28,hog_29,hog_30,hog_31,hog_32,hog_33,hog_34,hog_35,hog_36,hog_37,hog_38,hog_39,hog_40,hog_41,hog_42,hog_43,hog_44,hog_45,hog_46,hog_47,hog_48,hog_49,hog_50,hog_51,hog_52,hog_53,hog_54,hog_55,hog_56,hog_57,hog_58,hog_59,hog_60,hog_61,hog_62,hog_63,hog_64,hog_65,hog_66,hog_67,hog_68,hog_69,hog_70,hog_71,hog_72,hog_73,hog_74,hog_75,hog_76,hog_77,hog_78,hog_79,hog_80,hog_81
1,24,17,1,3,13,2,4,6,16,15,22,42,2,9,12,13,15,9,8,28,34,14,15,2,13,14,28,21,4,14,9,7,9,30,13,0,2,4,13,26,12,4,8,24,21,9,7,1,34,11,6,6,8,8,0,10,7,3,72,0.1,0.02,0.01,0.02,0.06,0.08,0.06,0.13,0.07,0.22,0.09,0.04,0.02,0.02,0.07,0.1,0.18,0.11,0.08,0.06,0.12,0.14,0.22,0.03,0.01,0.04,0.12,0.22,0.18,0.05,0.06,0.12,0.02,0.02,0.05,0.22,0.04,0.08,0.13,0.1,0.1,0.18,0.13,0.04,0.06,0.11,0.02,0.07,0.13,0.22,0.19,0.08,0.05,0.15,0.16,0.22,0.07,0.15,0.17,0.11,0.08,0.05,0.11,0.03,0.06,0.01,0.04,0.09,0.11,0.07,0.04,0.04,0.16,0.1,0.07,0.02,0.14,0.1,0.12,0.14,0.18
1,22,23,5,5,5,0,2,9,13,8,18,15,2,8,12,23,14,16,14,25,45,7,10,5,17,19,20,11,10,3,11,7,12,13,8,8,1,10,11,23,6,7,10,28,27,11,6,1,38,14,8,11,16,6,2,4,15,2,82,0.13,0.02,0.0,0.0,0.1,0.01,0.0,0.02,0.07,0.17,0.06,0.01,0.03,0.1,0.09,0.18,0.12,0.11,0.23,0.03,0.02,0.02,0.03,0.02,0.01,0.11,0.13,0.1,0.04,0.01,0.01,0.06,0.0,0.03,0.1,0.19,0.15,0.08,0.06,0.04,0.04,0.06,0.15,0.17,0.12,0.23,0.1,0.03,0.11,0.22,0.11,0.06,0.02,0.07,0.23,0.05,0.11,0.13,0.16,0.16,0.06,0.06,0.1,0.02,0.02,0.05,0.08,0.11,0.07,0.07,0.05,0.04,0.23,0.18,0.23,0.14,0.17,0.04,0.18,0.21,0.1
1,21,19,5,3,3,0,4,8,9,9,17,13,1,6,12,23,11,21,20,21,47,5,7,3,11,18,26,13,3,13,8,10,12,9,5,9,5,11,13,24,5,8,5,31,31,12,5,4,43,11,10,10,20,5,1,3,17,1,84,0.11,0.03,0.01,0.0,0.1,0.02,0.0,0.01,0.08,0.12,0.02,0.0,0.0,0.06,0.14,0.14,0.21,0.14,0.23,0.09,0.03,0.02,0.0,0.04,0.04,0.04,0.11,0.1,0.03,0.0,0.01,0.05,0.01,0.02,0.11,0.21,0.15,0.1,0.06,0.05,0.02,0.11,0.1,0.13,0.19,0.23,0.03,0.06,0.12,0.23,0.09,0.03,0.03,0.11,0.21,0.09,0.11,0.07,0.15,0.14,0.09,0.06,0.05,0.02,0.02,0.06,0.09,0.16,0.1,0.07,0.05,0.04,0.23,0.19,0.17,0.14,0.05,0.17,0.23,0.08,0.2
1,24,23,3,5,5,1,2,4,5,12,17,14,1,7,12,20,12,16,17,29,51,5,5,2,18,20,20,15,12,8,11,10,13,10,5,7,8,12,13,23,7,9,5,28,23,11,8,1,34,10,7,8,18,9,2,3,14,1,89,0.12,0.05,0.0,0.0,0.12,0.01,0.0,0.0,0.07,0.12,0.03,0.0,0.0,0.04,0.08,0.18,0.22,0.12,0.22,0.13,0.01,0.01,0.02,0.02,0.02,0.05,0.13,0.11,0.02,0.01,0.02,0.04,0.01,0.02,0.09,0.19,0.13,0.08,0.04,0.05,0.05,0.13,0.1,0.1,0.22,0.22,0.03,0.05,0.11,0.22,0.07,0.07,0.03,0.06,0.16,0.11,0.13,0.07,0.14,0.15,0.13,0.03,0.08,0.02,0.02,0.08,0.08,0.11,0.13,0.06,0.07,0.02,0.22,0.21,0.21,0.14,0.09,0.17,0.12,0.22,0.11
1,24,22,0,2,9,4,10,15,12,7,12,17,2,5,14,11,15,14,11,27,31,13,9,4,12,16,24,19,5,6,9,12,21,18,19,6,3,10,8,16,17,9,11,21,26,16,5,4,16,13,5,15,10,9,3,7,6,3,94,0.09,0.13,0.03,0.04,0.08,0.02,0.02,0.12,0.16,0.08,0.07,0.08,0.16,0.19,0.03,0.16,0.03,0.15,0.21,0.2,0.1,0.05,0.06,0.03,0.01,0.01,0.03,0.11,0.2,0.22,0.22,0.22,0.11,0.08,0.03,0.07,0.11,0.14,0.17,0.11,0.12,0.13,0.11,0.12,0.05,0.15,0.08,0.07,0.05,0.17,0.19,0.08,0.07,0.11,0.08,0.06,0.07,0.08,0.22,0.07,0.03,0.09,0.09,0.06,0.02,0.04,0.02,0.05,0.04,0.06,0.05,0.13,0.12,0.12,0.13,0.06,0.07,0.12,0.03,0.07,0.13
1,24,25,2,7,7,4,7,10,8,7,11,19,2,11,7,13,18,18,6,27,37,11,7,2,25,11,17,16,5,11,11,10,25,20,13,7,3,13,12,17,16,10,16,12,33,13,7,4,11,11,5,7,9,9,2,6,10,3,94,0.08,0.11,0.05,0.02,0.06,0.02,0.06,0.21,0.07,0.16,0.15,0.14,0.12,0.11,0.05,0.04,0.06,0.12,0.19,0.21,0.05,0.06,0.07,0.06,0.05,0.02,0.02,0.07,0.14,0.21,0.21,0.21,0.14,0.08,0.04,0.09,0.13,0.07,0.1,0.21,0.13,0.1,0.13,0.11,0.15,0.17,0.12,0.16,0.03,0.12,0.14,0.14,0.04,0.11,0.11,0.04,0.08,0.15,0.15,0.09,0.1,0.13,0.06,0.04,0.03,0.05,0.04,0.05,0.04,0.05,0.09,0.12,0.15,0.09,0.09,0.07,0.07,0.1,0.02,0.07,0.14
1,23,26,1,8,7,2,12,13,8,5,17,16,2,9,9,9,16,13,10,30,26,5,12,5,22,11,27,25,6,12,8,15,23,21,18,5,2,7,8,17,18,9,8,16,28,11,7,3,11,16,4,10,10,11,2,10,8,2,89,0.12,0.14,0.03,0.03,0.1,0.01,0.03,0.14,0.1,0.13,0.1,0.12,0.21,0.19,0.04,0.06,0.04,0.16,0.16,0.2,0.11,0.04,0.04,0.05,0.02,0.01,0.05,0.09,0.21,0.2,0.21,0.21,0.16,0.07,0.06,0.06,0.07,0.16,0.13,0.09,0.07,0.15,0.12,0.12,0.18,0.13,0.09,0.06,0.07,0.13,0.21,0.03,0.04,0.11,0.08,0.07,0.09,0.09,0.19,0.12,0.06,0.1,0.08,0.05,0.03,0.04,0.02,0.03,0.02,0.06,0.07,0.1,0.16,0.12,0.09,0.09,0.08,0.09,0.05,0.09,0.05
1,21,27,1,7,15,0,5,8,10,8,18,15,2,5,15,18,15,12,13,27,41,10,10,3,22,5,31,19,5,11,4,13,22,13,11,7,2,14,11,15,20,8,15,14,36,11,5,5,16,12,5,6,14,9,1,6,8,0,82,0.11,0.18,0.05,0.01,0.08,0.02,0.01,0.09,0.16,0.14,0.09,0.16,0.2,0.08,0.12,0.03,0.04,0.13,0.16,0.22,0.06,0.07,0.07,0.01,0.03,0.03,0.02,0.08,0.22,0.18,0.22,0.22,0.14,0.11,0.02,0.11,0.18,0.22,0.08,0.1,0.11,0.08,0.09,0.16,0.05,0.15,0.09,0.03,0.06,0.09,0.16,0.13,0.08,0.11,0.09,0.03,0.06,0.11,0.16,0.09,0.06,0.09,0.1,0.04,0.04,0.06,0.05,0.03,0.03,0.04,0.08,0.07,0.14,0.16,0.04,0.14,0.17,0.03,0.06,0.06,0.08
1,27,26,0,10,10,5,7,5,11,8,9,10,0,5,11,12,12,28,7,17,43,8,7,9,11,20,14,10,4,12,8,6,13,27,11,10,6,7,12,24,14,5,12,19,31,12,5,1,7,12,9,9,10,16,6,9,11,2,112,0.08,0.01,0.0,0.01,0.04,0.08,0.03,0.09,0.17,0.23,0.05,0.06,0.06,0.08,0.01,0.01,0.04,0.1,0.23,0.05,0.07,0.03,0.05,0.04,0.03,0.06,0.23,0.23,0.12,0.01,0.05,0.23,0.11,0.07,0.07,0.05,0.1,0.22,0.08,0.17,0.08,0.06,0.1,0.08,0.19,0.23,0.12,0.05,0.05,0.04,0.02,0.04,0.14,0.23,0.02,0.03,0.23,0.1,0.2,0.05,0.04,0.01,0.01,0.15,0.16,0.05,0.14,0.14,0.05,0.07,0.12,0.11,0.11,0.13,0.13,0.04,0.12,0.07,0.02,0.06,0.04
1,32,25,1,9,9,0,4,10,6,8,15,8,1,8,8,17,10,28,8,9,40,11,7,2,10,10,13,12,4,9,10,11,19,23,10,9,5,14,14,19,9,5,20,28,38,16,5,2,16,17,5,10,7,14,2,3,15,2,102,0.06,0.0,0.0,0.01,0.04,0.03,0.04,0.08,0.23,0.23,0.08,0.05,0.08,0.05,0.01,0.01,0.01,0.1,0.23,0.04,0.04,0.01,0.05,0.05,0.02,0.09,0.19,0.15,0.16,0.02,0.08,0.23,0.08,0.11,0.11,0.05,0.09,0.04,0.06,0.07,0.11,0.05,0.09,0.09,0.18,0.23,0.14,0.18,0.08,0.11,0.04,0.13,0.06,0.16,0.0,0.12,0.23,0.1,0.17,0.05,0.03,0.02,0.01,0.05,0.12,0.04,0.03,0.16,0.09,0.09,0.16,0.1,0.23,0.19,0.15,0.04,0.03,0.02,0.06,0.01,0.15
1,30,26,1,8,3,3,7,12,7,5,11,7,1,2,13,14,12,30,9,14,42,9,10,5,12,14,18,9,0,10,9,6,19,26,10,11,3,10,13,36,10,3,18,22,29,12,2,4,11,11,7,10,11,13,2,5,11,2,114,0.1,0.01,0.0,0.01,0.05,0.09,0.03,0.09,0.15,0.24,0.08,0.06,0.06,0.08,0.03,0.0,0.03,0.1,0.24,0.06,0.05,0.02,0.03,0.07,0.04,0.07,0.18,0.17,0.15,0.07,0.02,0.24,0.09,0.07,0.08,0.09,0.17,0.07,0.09,0.1,0.13,0.08,0.11,0.05,0.16,0.24,0.24,0.1,0.03,0.04,0.03,0.07,0.06,0.12,0.03,0.06,0.24,0.13,0.21,0.05,0.05,0.02,0.01,0.1,0.12,0.01,0.13,0.07,0.12,0.1,0.12,0.18,0.24,0.16,0.11,0.05,0.04,0.0,0.06,0.01,0.11
1,24,22,3,5,9,0,2,9,14,18,22,41,1,13,11,11,12,6,6,34,29,15,15,1,20,12,32,20,5,12,9,5,13,26,10,1,1,4,10,32,12,6,8,14,25,10,6,1,35,10,6,3,13,4,0,4,10,2,80,0.08,0.01,0.0,0.02,0.07,0.06,0.07,0.13,0.09,0.22,0.05,0.05,0.0,0.04,0.02,0.12,0.11,0.09,0.08,0.05,0.05,0.13,0.22,0.05,0.01,0.05,0.17,0.22,0.22,0.05,0.03,0.12,0.03,0.03,0.05,0.2,0.04,0.12,0.06,0.11,0.11,0.19,0.1,0.02,0.05,0.1,0.13,0.12,0.09,0.22,0.2,0.08,0.04,0.05,0.19,0.22,0.07,0.13,0.2,0.13,0.06,0.04,0.13,0.05,0.06,0.01,0.04,0.06,0.11,0.07,0.04,0.04,0.05,0.17,0.01,0.08,0.11,0.17,0.08,0.12,0.21
1,25,29,2,5,3,2,6,10,5,10,15,10,2,8,13,22,11,40,8,16,39,14,8,3,15,14,14,7,3,8,9,7,17,18,11,5,2,13,11,23,14,5,12,21,37,14,3,2,13,11,8,5,10,12,2,6,26,3,97,0.09,0.01,0.01,0.0,0.08,0.08,0.03,0.14,0.1,0.24,0.05,0.06,0.07,0.13,0.05,0.02,0.01,0.14,0.24,0.04,0.03,0.04,0.05,0.05,0.06,0.07,0.17,0.17,0.1,0.06,0.13,0.17,0.05,0.1,0.06,0.18,0.11,0.04,0.13,0.08,0.09,0.06,0.12,0.1,0.15,0.24,0.19,0.11,0.15,0.06,0.04,0.12,0.06,0.11,0.0,0.06,0.24,0.12,0.22,0.05,0.07,0.05,0.02,0.11,0.11,0.0,0.04,0.15,0.05,0.14,0.13,0.09,0.24,0.03,0.06,0.1,0.11,0.05,0.06,0.0,0.15
1,11,9,1,26,6,0,15,8,3,12,10,30,1,1,5,43,14,5,0,5,32,10,4,1,1,4,0,4,1,2,13,10,44,84,4,10,2,15,23,117,26,6,2,12,47,20,4,2,7,10,3,7,2,2,0,6,6,1,35,0.01,0.0,0.04,0.01,0.01,0.0,0.0,0.0,0.0,0.06,0.14,0.05,0.05,0.27,0.11,0.0,0.03,0.0,0.05,0.01,0.0,0.0,0.0,0.0,0.03,0.06,0.1,0.0,0.08,0.23,0.1,0.01,0.0,0.0,0.0,0.0,0.16,0.16,0.15,0.11,0.04,0.02,0.07,0.09,0.13,0.06,0.01,0.0,0.0,0.0,0.12,0.27,0.11,0.16,0.27,0.24,0.12,0.02,0.01,0.0,0.01,0.15,0.17,0.16,0.01,0.0,0.0,0.08,0.06,0.06,0.0,0.27,0.27,0.13,0.01,0.0,0.0,0.0,0.05,0.27,0.27
1,13,10,0,27,3,0,16,5,0,13,9,23,0,0,5,48,18,5,2,4,38,9,2,0,2,2,1,3,1,3,12,10,48,91,3,4,4,16,21,127,27,5,7,11,37,21,3,1,5,9,3,5,2,3,0,4,5,0,38,0.01,0.0,0.03,0.01,0.01,0.0,0.0,0.0,0.0,0.05,0.15,0.03,0.14,0.17,0.14,0.02,0.13,0.0,0.06,0.01,0.0,0.0,0.0,0.0,0.0,0.0,0.04,0.01,0.02,0.27,0.04,0.01,0.0,0.0,0.0,0.0,0.19,0.09,0.2,0.07,0.04,0.03,0.06,0.1,0.16,0.03,0.0,0.01,0.01,0.01,0.14,0.27,0.19,0.08,0.26,0.27,0.11,0.02,0.0,0.02,0.0,0.16,0.17,0.2,0.03,0.0,0.0,0.03,0.08,0.06,0.07,0.27,0.27,0.1,0.04,0.0,0.0,0.0,0.06,0.19,0.27
1,8,11,3,29,7,0,18,4,1,11,10,30,2,2,5,58,11,3,1,5,41,10,1,0,5,4,1,5,1,3,9,6,49,93,3,6,2,20,20,119,22,5,7,9,29,14,5,0,4,8,4,6,3,7,0,3,6,1,34,0.01,0.0,0.03,0.02,0.01,0.0,0.0,0.0,0.0,0.16,0.07,0.05,0.11,0.19,0.11,0.04,0.05,0.01,0.03,0.03,0.0,0.0,0.0,0.0,0.01,0.08,0.08,0.01,0.05,0.27,0.12,0.01,0.0,0.0,0.03,0.0,0.18,0.13,0.16,0.02,0.02,0.05,0.1,0.12,0.12,0.03,0.0,0.0,0.0,0.0,0.08,0.27,0.07,0.19,0.19,0.27,0.02,0.01,0.01,0.0,0.04,0.26,0.15,0.27,0.04,0.0,0.0,0.03,0.05,0.03,0.04,0.27,0.27,0.12,0.06,0.0,0.01,0.0,0.02,0.2,0.27
1,10,13,1,31,7,0,17,7,2,12,9,32,0,0,1,61,13,2,2,3,38,8,2,0,5,1,1,6,2,1,13,7,48,90,4,5,0,18,27,84,24,6,4,6,48,25,4,3,7,10,2,5,4,1,0,4,8,1,39,0.01,0.0,0.03,0.02,0.01,0.0,0.0,0.0,0.0,0.06,0.14,0.05,0.06,0.11,0.18,0.07,0.02,0.02,0.04,0.01,0.0,0.0,0.0,0.02,0.06,0.14,0.04,0.0,0.03,0.26,0.12,0.03,0.0,0.0,0.0,0.04,0.19,0.09,0.09,0.13,0.05,0.03,0.06,0.13,0.13,0.11,0.04,0.0,0.0,0.01,0.03,0.26,0.11,0.1,0.23,0.24,0.03,0.01,0.01,0.01,0.02,0.24,0.22,0.26,0.01,0.01,0.0,0.02,0.07,0.04,0.03,0.26,0.26,0.12,0.08,0.01,0.01,0.0,0.01,0.25,0.26
1,22,22,2,5,12,2,4,8,17,16,16,35,2,11,12,14,12,14,6,29,33,16,12,1,12,10,36,17,6,13,5,3,17,26,11,3,4,4,8,37,12,5,6,22,19,6,5,3,36,16,3,5,8,6,0,5,9,2,81,0.08,0.0,0.0,0.02,0.07,0.05,0.04,0.12,0.08,0.22,0.06,0.03,0.05,0.01,0.07,0.11,0.13,0.05,0.13,0.07,0.06,0.13,0.22,0.01,0.02,0.07,0.08,0.22,0.22,0.01,0.01,0.15,0.04,0.0,0.07,0.22,0.07,0.07,0.09,0.09,0.11,0.16,0.15,0.05,0.04,0.2,0.07,0.05,0.08,0.22,0.22,0.06,0.05,0.04,0.19,0.22,0.09,0.19,0.13,0.09,0.07,0.02,0.14,0.03,0.07,0.03,0.03,0.05,0.1,0.09,0.03,0.06,0.05,0.12,0.03,0.07,0.12,0.14,0.07,0.22,0.15
1,22,18,2,4,10,2,2,10,21,13,21,35,1,11,12,14,13,11,3,33,31,13,17,0,17,14,33,20,5,16,7,3,11,25,13,0,2,5,10,38,8,9,8,18,24,8,3,2,35,14,3,6,10,2,1,2,12,4,77,0.08,0.0,0.0,0.02,0.07,0.06,0.07,0.12,0.06,0.22,0.06,0.04,0.07,0.01,0.03,0.1,0.08,0.05,0.16,0.1,0.03,0.14,0.22,0.03,0.01,0.04,0.1,0.22,0.22,0.01,0.01,0.14,0.04,0.0,0.07,0.22,0.09,0.09,0.08,0.07,0.12,0.2,0.18,0.03,0.03,0.11,0.06,0.06,0.06,0.22,0.18,0.14,0.0,0.2,0.17,0.22,0.1,0.12,0.15,0.15,0.06,0.04,0.13,0.04,0.06,0.02,0.03,0.07,0.1,0.07,0.03,0.06,0.05,0.14,0.01,0.09,0.1,0.14,0.09,0.13,0.17
1,21,19,5,6,10,2,6,12,14,14,13,36,0,5,5,9,12,6,7,16,27,7,14,3,10,17,20,23,6,10,15,9,18,37,13,9,2,9,7,11,16,4,11,20,27,7,9,3,42,15,4,12,17,9,4,2,4,4,89,0.14,0.05,0.14,0.06,0.09,0.17,0.11,0.12,0.04,0.1,0.03,0.03,0.1,0.11,0.13,0.08,0.08,0.04,0.06,0.03,0.01,0.06,0.09,0.12,0.04,0.04,0.05,0.06,0.04,0.21,0.16,0.21,0.2,0.12,0.04,0.05,0.14,0.14,0.05,0.09,0.14,0.14,0.08,0.15,0.16,0.12,0.21,0.11,0.03,0.11,0.03,0.07,0.12,0.12,0.07,0.21,0.08,0.03,0.21,0.08,0.06,0.06,0.09,0.02,0.11,0.16,0.08,0.1,0.08,0.04,0.04,0.02,0.17,0.21,0.18,0.06,0.17,0.04,0.09,0.02,0.1
1,28,25,3,4,8,4,8,18,14,13,12,33,0,3,6,9,12,4,9,12,21,10,11,2,9,15,24,21,4,11,14,10,17,38,12,10,1,8,8,13,12,7,9,19,25,12,5,2,30,14,4,16,17,9,4,2,5,4,104,0.14,0.04,0.11,0.06,0.11,0.13,0.13,0.14,0.02,0.09,0.02,0.05,0.05,0.1,0.16,0.16,0.03,0.01,0.04,0.04,0.0,0.05,0.11,0.11,0.06,0.06,0.04,0.04,0.1,0.21,0.17,0.21,0.21,0.13,0.05,0.04,0.18,0.08,0.05,0.12,0.11,0.14,0.05,0.15,0.18,0.09,0.18,0.05,0.09,0.1,0.05,0.07,0.11,0.21,0.08,0.2,0.1,0.03,0.21,0.09,0.05,0.05,0.08,0.01,0.12,0.15,0.08,0.09,0.08,0.03,0.04,0.01,0.16,0.21,0.15,0.05,0.16,0.02,0.11,0.02,0.09
1,27,27,3,4,3,6,6,13,17,11,9,31,2,5,5,6,7,7,4,23,24,7,10,1,11,22,24,19,2,14,8,8,21,30,11,9,5,8,11,11,19,4,6,25,21,10,14,2,32,17,4,7,19,6,5,2,7,2,110,0.13,0.05,0.08,0.08,0.09,0.14,0.13,0.07,0.07,0.08,0.03,0.03,0.03,0.16,0.12,0.04,0.06,0.04,0.08,0.01,0.02,0.03,0.19,0.1,0.06,0.04,0.04,0.02,0.21,0.16,0.19,0.21,0.19,0.14,0.11,0.04,0.21,0.07,0.02,0.12,0.16,0.09,0.05,0.1,0.19,0.19,0.18,0.17,0.06,0.05,0.04,0.05,0.11,0.1,0.07,0.21,0.13,0.05,0.21,0.08,0.03,0.09,0.04,0.01,0.09,0.12,0.08,0.05,0.08,0.09,0.02,0.01,0.18,0.21,0.14,0.16,0.1,0.06,0.04,0.06,0.04
1,22,24,3,10,5,3,8,15,16,14,14,26,1,5,5,8,14,4,5,16,28,6,13,4,10,20,22,16,9,12,13,13,18,39,10,9,4,7,5,10,15,8,3,21,30,8,10,2,34,17,4,7,16,11,3,5,3,4,97,0.1,0.11,0.1,0.07,0.12,0.12,0.17,0.01,0.09,0.09,0.03,0.04,0.02,0.2,0.11,0.05,0.06,0.05,0.06,0.02,0.02,0.01,0.15,0.12,0.04,0.04,0.03,0.03,0.09,0.22,0.18,0.22,0.22,0.07,0.02,0.02,0.18,0.1,0.06,0.1,0.17,0.09,0.1,0.09,0.17,0.16,0.21,0.08,0.05,0.1,0.03,0.1,0.12,0.07,0.03,0.22,0.1,0.04,0.22,0.07,0.04,0.12,0.07,0.01,0.11,0.16,0.08,0.08,0.1,0.03,0.02,0.03,0.19,0.22,0.1,0.05,0.12,0.1,0.04,0.05,0.1
1,22,19,4,6,2,2,5,6,10,8,24,23,2,8,14,19,14,16,20,25,46,9,4,3,12,15,19,10,11,11,8,12,9,11,6,5,6,10,11,22,9,5,7,25,26,12,6,2,38,12,8,8,16,6,1,10,16,1,87,0.13,0.03,0.0,0.01,0.11,0.01,0.0,0.0,0.07,0.17,0.1,0.07,0.03,0.02,0.14,0.13,0.16,0.1,0.22,0.13,0.01,0.01,0.01,0.02,0.04,0.04,0.15,0.08,0.03,0.02,0.01,0.03,0.0,0.01,0.08,0.22,0.12,0.12,0.03,0.06,0.05,0.05,0.2,0.14,0.16,0.22,0.08,0.03,0.06,0.22,0.09,0.03,0.02,0.06,0.19,0.07,0.09,0.06,0.18,0.13,0.07,0.08,0.08,0.02,0.03,0.09,0.1,0.09,0.09,0.08,0.05,0.0,0.22,0.2,0.19,0.18,0.1,0.1,0.2,0.22,0.12
1,24,17,1,3,13,2,4,6,16,15,22,42,2,9,12,13,15,9,8,28,34,14,15,2,13,14,28,21,4,14,9,7,9,30,13,0,2,4,13,26,12,4,8,24,21,9,7,1,34,11,6,6,8,8,0,10,7,3,72,0.1,0.02,0.01,0.02,0.06,0.08,0.06,0.13,0.07,0.22,0.09,0.04,0.02,0.02,0.07,0.1,0.18,0.11,0.08,0.06,0.12,0.14,0.22,0.03,0.01,0.04,0.12,0.22,0.18,0.05,0.06,0.12,0.02,0.02,0.05,0.22,0.04,0.08,0.13,0.1,0.1,0.18,0.13,0.04,0.06,0.11,0.02,0.07,0.13,0.22,0.19,0.08,0.05,0.15,0.16,0.22,0.07,0.15,0.17,0.11,0.08,0.05,0.11,0.03,0.06,0.01,0.04,0.09,0.11,0.07,0.04,0.04,0.16,0.1,0.07,0.02,0.14,0.1,0.12,0.14,0.18
1,22,23,5,5,5,0,2,9,13,8,18,15,2,8,12,23,14,16,14,25,45,7,10,5,17,19,20,11,10,3,11,7,12,13,8,8,1,10,11,23,6,7,10,28,27,11,6,1,38,14,8,11,16,6,2,4,15,2,82,0.13,0.02,0.0,0.0,0.1,0.01,0.0,0.02,0.07,0.17,0.06,0.01,0.03,0.1,0.09,0.18,0.12,0.11,0.23,0.03,0.02,0.02,0.03,0.02,0.01,0.11,0.13,0.1,0.04,0.01,0.01,0.06,0.0,0.03,0.1,0.19,0.15,0.08,0.06,0.04,0.04,0.06,0.15,0.17,0.12,0.23,0.1,0.03,0.11,0.22,0.11,0.06,0.02,0.07,0.23,0.05,0.11,0.13,0.16,0.16,0.06,0.06,0.1,0.02,0.02,0.05,0.08,0.11,0.07,0.07,0.05,0.04,0.23,0.18,0.23,0.14,0.17,0.04,0.18,0.21,0.1
1,21,19,5,3,3,0,4,8,9,9,17,13,1,6,12,23,11,21,20,21,47,5,7,3,11,18,26,13,3,13,8,10,12,9,5,9,5,11,13,24,5,8,5,31,31,12,5,4,43,11,10,10,20,5,1,3,17,1,84,0.11,0.03,0.01,0.0,0.1,0.02,0.0,0.01,0.08,0.12,0.02,0.0,0.0,0.06,0.14,0.14,0.21,0.14,0.23,0.09,0.03,0.02,0.0,0.04,0.04,0.04,0.11,0.1,0.03,0.0,0.01,0.05,0.01,0.02,0.11,0.21,0.15,0.1,0.06,0.05,0.02,0.11,0.1,0.13,0.19,0.23,0.03,0.06,0.12,0.23,0.09,0.03,0.03,0.11,0.21,0.09,0.11,0.07,0.15,0.14,0.09,0.06,0.05,0.02,0.02,0.06,0.09,0.16,0.1,0.07,0.05,0.04,0.23,0.19,0.17,0.14,0.05,0.17,0.23,0.08,0.2
1,24,23,3,5,5,1,2,4,5,12,17,14,1,7,12,20,12,16,17,29,51,5,5,2,18,20,20,15,12,8,11,10,13,10,5,7,8,12,13,23,7,9,5,28,23,11,8,1,34,10,7,8,18,9,2,3,14,1,89,0.12,0.05,0.0,0.0,0.12,0.01,0.0,0.0,0.07,0.12,0.03,0.0,0.0,0.04,0.08,0.18,0.22,0.12,0.22,0.13,0.01,0.01,0.02,0.02,0.02,0.05,0.13,0.11,0.02,0.01,0.02,0.04,0.01,0.02,0.09,0.19,0.13,0.08,0.04,0.05,0.05,0.13,0.1,0.1,0.22,0.22,0.03,0.05,0.11,0.22,0.07,0.07,0.03,0.06,0.16,0.11,0.13,0.07,0.14,0.15,0.13,0.03,0.08,0.02,0.02,0.08,0.08,0.11,0.13,0.06,0.07,0.02,0.22,0.21,0.21,0.14,0.09,0.17,0.12,0.22,0.11
1,24,22,0,2,9,4,10,15,12,7,12,17,2,5,14,11,15,14,11,27,31,13,9,4,12,16,24,19,5,6,9,12,21,18,19,6,3,10,8,16,17,9,11,21,26,16,5,4,16,13,5,15,10,9,3,7,6,3,94,0.09,0.13,0.03,0.04,0.08,0.02,0.02,0.12,0.16,0.08,0.07,0.08,0.16,0.19,0.03,0.16,0.03,0.15,0.21,0.2,0.1,0.05,0.06,0.03,0.01,0.01,0.03,0.11,0.2,0.22,0.22,0.22,0.11,0.08,0.03,0.07,0.11,0.14,0.17,0.11,0.12,0.13,0.11,0.12,0.05,0.15,0.08,0.07,0.05,0.17,0.19,0.08,0.07,0.11,0.08,0.06,0.07,0.08,0.22,0.07,0.03,0.09,0.09,0.06,0.02,0.04,0.02,0.05,0.04,0.06,0.05,0.13,0.12,0.12,0.13,0.06,0.07,0.12,0.03,0.07,0.13
1,24,25,2,7,7,4,7,10,8,7,11,19,2,11,7,13,18,18,6,27,37,11,7,2,25,11,17,16,5,11,11,10,25,20,13,7,3,13,12,17,16,10,16,12,33,13,7,4,11,11,5,7,9,9,2,6,10,3,94,0.08,0.11,0.05,0.02,0.06,0.02,0.06,0.21,0.07,0.16,0.15,0.14,0.12,0.11,0.05,0.04,0.06,0.12,0.19,0.21,0.05,0.06,0.07,0.06,0.05,0.02,0.02,0.07,0.14,0.21,0.21,0.21,0.14,0.08,0.04,0.09,0.13,0.07,0.1,0.21,0.13,0.1,0.13,0.11,0.15,0.17,0.12,0.16,0.03,0.12,0.14,0.14,0.04,0.11,0.11,0.04,0.08,0.15,0.15,0.09,0.1,0.13,0.06,0.04,0.03,0.05,0.04,0.05,0.04,0.05,0.09,0.12,0.15,0.09,0.09,0.07,0.07,0.1,0.02,0.07,0.14
1,23,26,1,8,7,2,12,13,8,5,17,16,2,9,9,9,16,13,10,30,26,5,12,5,22,11,27,25,6,12,8,15,23,21,18,5,2,7,8,17,18,9,8,16,28,11,7,3,11,16,4,10,10,11,2,10,8,2,89,0.12,0.14,0.03,0.03,0.1,0.01,0.03,0.14,0.1,0.13,0.1,0.12,0.21,0.19,0.04,0.06,0.04,0.16,0.16,0.2,0.11,0.04,0.04,0.05,0.02,0.01,0.05,0.09,0.21,0.2,0.21,0.21,0.16,0.07,0.06,0.06,0.07,0.16,0.13,0.09,0.07,0.15,0.12,0.12,0.18,0.13,0.09,0.06,0.07,0.13,0.21,0.03,0.04,0.11,0.08,0.07,0.09,0.09,0.19,0.12,0.06,0.1,0.08,0.05,0.03,0.04,0.02,0.03,0.02,0.06,0.07,0.1,0.16,0.12,0.09,0.09,0.08,0.09,0.05,0.09,0.05
1,21,27,1,7,15,0,5,8,10,8,18,15,2,5,15,18,15,12,13,27,41,10,10,3,22,5,31,19,5,11,4,13,22,13,11,7,2,14,11,15,20,8,15,14,36,11,5,5,16,12,5,6,14,9,1,6,8,0,82,0.11,0.18,0.05,0.01,0.08,0.02,0.01,0.09,0.16,0.14,0.09,0.16,0.2,0.08,0.12,0.03,0.04,0.13,0.16,0.22,0.06,0.07,0.07,0.01,0.03,0.03,0.02,0.08,0.22,0.18,0.22,0.22,0.14,0.11,0.02,0.11,0.18,0.22,0.08,0.1,0.11,0.08,0.09,0.16,0.05,0.15,0.09,0.03,0.06,0.09,0.16,0.13,0.08,0.11,0.09,0.03,0.06,0.11,0.16,0.09,0.06,0.09,0.1,0.04,0.04,0.06,0.05,0.03,0.03,0.04,0.08,0.07,0.14,0.16,0.04,0.14,0.17,0.03,0.06,0.06,0.08
1,27,26,0,10,10,5,7,5,11,8,9,10,0,5,11,12,12,28,7,17,43,8,7,9,11,20,14,10,4,12,8,6,13,27,11,10,6,7,12,24,14,5,12,19,31,12,5,1,7,12,9,9,10,16,6,9,11,2,112,0.08,0.01,0.0,0.01,0.04,0.08,0.03,0.09,0.17,0.23,0.05,0.06,0.06,0.08,0.01,0.01,0.04,0.1,0.23,0.05,0.07,0.03,0.05,0.04,0.03,0.06,0.23,0.23,0.12,0.01,0.05,0.23,0.11,0.07,0.07,0.05,0.1,0.22,0.08,0.17,0.08,0.06,0.1,0.08,0.19,0.23,0.12,0.05,0.05,0.04,0.02,0.04,0.14,0.23,0.02,0.03,0.23,0.1,0.2,0.05,0.04,0.01,0.01,0.15,0.16,0.05,0.14,0.14,0.05,0.07,0.12,0.11,0.11,0.13,0.13,0.04,0.12,0.07,0.02,0.06,0.04
1,32,25,1,9,9,0,4,10,6,8,15,8,1,8,8,17,10,28,8,9,40,11,7,2,10,10,13,12,4,9,10,11,19,23,10,9,5,14,14,19,9,5,20,28,38,16,5,2,16,17,5,10,7,14,2,3,15,2,102,0.06,0.0,0.0,0.01,0.04,0.03,0.04,0.08,0.23,0.23,0.08,0.05,0.08,0.05,0.01,0.01,0.01,0.1,0.23,0.04,0.04,0.01,0.05,0.05,0.02,0.09,0.19,0.15,0.16,0.02,0.08,0.23,0.08,0.11,0.11,0.05,0.09,0.04,0.06,0.07,0.11,0.05,0.09,0.09,0.18,0.23,0.14,0.18,0.08,0.11,0.04,0.13,0.06,0.16,0.0,0.12,0.23,0.1,0.17,0.05,0.03,0.02,0.01,0.05,0.12,0.04,0.03,0.16,0.09,0.09,0.16,0.1,0.23,0.19,0.15,0.04,0.03,0.02,0.06,0.01,0.15
1,30,26,1,8,3,3,7,12,7,5,11,7,1,2,13,14,12,30,9,14,42,9,10,5,12,14,18,9,0,10,9,6,19,26,10,11,3,10,13,36,10,3,18,22,29,12,2,4,11,11,7,10,11,13,2,5,11,2,114,0.1,0.01,0.0,0.01,0.05,0.09,0.03,0.09,0.15,0.24,0.08,0.06,0.06,0.08,0.03,0.0,0.03,0.1,0.24,0.06,0.05,0.02,0.03,0.07,0.04,0.07,0.18,0.17,0.15,0.07,0.02,0.24,0.09,0.07,0.08,0.09,0.17,0.07,0.09,0.1,0.13,0.08,0.11,0.05,0.16,0.24,0.24,0.1,0.03,0.04,0.03,0.07,0.06,0.12,0.03,0.06,0.24,0.13,0.21,0.05,0.05,0.02,0.01,0.1,0.12,0.01,0.13,0.07,0.12,0.1,0.12,0.18,0.24,0.16,0.11,0.05,0.04,0.0,0.06,0.01,0.11
1,24,22,3,5,9,0,2,9,14,18,22,41,1,13,11,11,12,6,6,34,29,15,15,1,20,12,32,20,5,12,9,5,13,26,10,1,1,4,10,32,12,6,8,14,25,10,6,1,35,10,6,3,13,4,0,4,10,2,80,0.08,0.01,0.0,0.02,0.07,0.06,0.07,0.13,0.09,0.22,0.05,0.05,0.0,0.04,0.02,0.12,0.11,0.09,0.08,0.05,0.05,0.13,0.22,0.05,0.01,0.05,0.17,0.22,0.22,0.05,0.03,0.12,0.03,0.03,0.05,0.2,0.04,0.12,0.06,0.11,0.11,0.19,0.1,0.02,0.05,0.1,0.13,0.12,0.09,0.22,0.2,0.08,0.04,0.05,0.19,0.22,0.07,0.13,0.2,0.13,0.06,0.04,0.13,0.05,0.06,0.01,0.04,0.06,0.11,0.07,0.04,0.04,0.05,0.17,0.01,0.08,0.11,0.17,0.08,0.12,0.21
1,25,29,2,5,3,2,6,10,5,10,15,10,2,8,13,22,11,40,8,16,39,14,8,3,15,14,14,7,3,8,9,7,17,18,11,5,2,13,11,23,14,5,12,21,37,14,3,2,13,11,8,5,10,12,2,6,26,3,97,0.09,0.01,0.01,0.0,0.08,0.08,0.03,0.14,0.1,0.24,0.05,0.06,0.07,0.13,0.05,0.02,0.01,0.14,0.24,0.04,0.03,0.04,0.05,0.05,0.06,0.07,0.17,0.17,0.1,0.06,0.13,0.17,0.05,0.1,0.06,0.18,0.11,0.04,0.13,0.08,0.09,0.06,0.12,0.1,0.15,0.24,0.19,0.11,0.15,0.06,0.04,0.12,0.06,0.11,0.0,0.06,0.24,0.12,0.22,0.05,0.07,0.05,0.02,0.11,0.11,0.0,0.04,0.15,0.05,0.14,0.13,0.09,0.24,0.03,0.06,0.1,0.11,0.05,0.06,0.0,0.15
1,11,9,1,26,6,0,15,8,3,12,10,30,1,1,5,43,14,5,0,5,32,10,4,1,1,4,0,4,1,2,13,10,44,84,4,10,2,15,23,117,26,6,2,12,47,20,4,2,7,10,3,7,2,2,0,6,6,1,35,0.01,0.0,0.04,0.01,0.01,0.0,0.0,0.0,0.0,0.06,0.14,0.05,0.05,0.27,0.11,0.0,0.03,0.0,0.05,0.01,0.0,0.0,0.0,0.0,0.03,0.06,0.1,0.0,0.08,0.23,0.1,0.01,0.0,0.0,0.0,0.0,0.16,0.16,0.15,0.11,0.04,0.02,0.07,0.09,0.13,0.06,0.01,0.0,0.0,0.0,0.12,0.27,0.11,0.16,0.27,0.24,0.12,0.02,0.01,0.0,0.01,0.15,0.17,0.16,0.01,0.0,0.0,0.08,0.06,0.06,0.0,0.27,0.27,0.13,0.01,0.0,0.0,0.0,0.05,0.27,0.27
1,13,10,0,27,3,0,16,5,0,13,9,23,0,0,5,48,18,5,2,4,38,9,2,0,2,2,1,3,1,3,12,10,48,91,3,4,4,16,21,127,27,5,7,11,37,21,3,1,5,9,3,5,2,3,0,4,5,0,38,0.01,0.0,0.03,0.01,0.01,0.0,0.0,0.0,0.0,0.05,0.15,0.03,0.14,0.17,0.14,0.02,0.13,0.0,0.06,0.01,0.0,0.0,0.0,0.0,0.0,0.0,0.04,0.01,0.02,0.27,0.04,0.01,0.0,0.0,0.0,0.0,0.19,0.09,0.2,0.07,0.04,0.03,0.06,0.1,0.16,0.03,0.0,0.01,0.01,0.01,0.14,0.27,0.19,0.08,0.26,0.27,0.11,0.02,0.0,0.02,0.0,0.16,0.17,0.2,0.03,0.0,0.0,0.03,0.08,0.06,0.07,0.27,0.27,0.1,0.04,0.0,0.0,0.0,0.06,0.19,0.27
1,8,11,3,29,7,0,18,4,1,11,10,30,2,2,5,58,11,3,1,5,41,10,1,0,5,4,1,5,1,3,9,6,49,93,3,6,2,20,20,119,22,5,7,9,29,14,5,0,4,8,4,6,3,7,0,3,6,1,34,0.01,0.0,0.03,0.02,0.01,0.0,0.0,0.0,0.0,0.16,0.07,0.05,0.11,0.19,0.11,0.04,0.05,0.01,0.03,0.03,0.0,0.0,0.0,0.0,0.01,0.08,0.08,0.01,0.05,0.27,0.12,0.01,0.0,0.0,0.03,0.0,0.18,0.13,0.16,0.02,0.02,0.05,0.1,0.12,0.12,0.03,0.0,0.0,0.0,0.0,0.08,0.27,0.07,0.19,0.19,0.27,0.02,0.01,0.01,0.0,0.04,0.26,0.15,0.27,0.04,0.0,0.0,0.03,0.05,0.03,0.04,0.27,0.27,0.12,0.06,0.0,0.01,0.0,0.02,0.2,0.27
1,10,13,1,31,7,0,17,7,2,12,9,32,0,0,1,61,13,2,2,3,38,8,2,0,5,1,1,6,2,1,13,7,48,90,4,5,0,18,27,84,24,6,4,6,48,25,4,3,7,10,2,5,4,1,0,4,8,1,39,0.01,0.0,0.03,0.02,0.01,0.0,0.0,0.0,0.0,0.06,0.14,0.05,0.06,0.11,0.18,0.07,0.02,0.02,0.04,0.01,0.0,0.0,0.0,0.02,0.06,0.14,0.04,0.0,0.03,0.26,0.12,0.03,0.0,0.0,0.0,0.04,0.19,0.09,0.09,0.13,0.05,0.03,0.06,0.13,0.13,0.11,0.04,0.0,0.0,0.01,0.03,0.26,0.11,0.1,0.23,0.24,0.03,0.01,0.01,0.01,0.02,0.24,0.22,0.26,0.01,0.01,0.0,0.02,0.07,0.04,0.03,0.26,0.26,0.12,0.08,0.01,0.01,0.0,0.01,0.25,0.26
1,22,22,2,5,12,2,4,8,17,16,16,35,2,11,12,14,12,14,6,29,33,16,12,1,12,10,36,17,6,13,5,3,17,26,11,3,4,4,8,37,12,5,6,22,19,6,5,3,36,16,3,5,8,6,0,5,9,2,81,0.08,0.0,0.0,0.02,0.07,0.05,0.04,0.12,0.08,0.22,0.06,0.03,0.05,0.01,0.07,0.11,0.13,0.05,0.13,0.07,0.06,0.13,0.22,0.01,0.02,0.07,0.08,0.22,0.22,0.01,0.01,0.15,0.04,0.0,0.07,0.22,0.07,0.07,0.09,0.09,0.11,0.16,0.15,0.05,0.04,0.2,0.07,0.05,0.08,0.22,0.22,0.06,0.05,0.04,0.19,0.22,0.09,0.19,0.13,0.09,0.07,0.02,0.14,0.03,0.07,0.03,0.03,0.05,0.1,0.09,0.03,0.06,0.05,0.12,0.03,0.07,0.12,0.14,0.07,0.22,0.15
1,22,18,2,4,10,2,2,10,21,13,21,35,1,11,12,14,13,11,3,33,31,13,17,0,17,14,33,20,5,16,7,3,11,25,13,0,2,5,10,38,8,9,8,18,24,8,3,2,35,14,3,6,10,2,1,2,12,4,77,0.08,0.0,0.0,0.02,0.07,0.06,0.07,0.12,0.06,0.22,0.06,0.04,0.07,0.01,0.03,0.1,0.08,0.05,0.16,0.1,0.03,0.14,0.22,0.03,0.01,0.04,0.1,0.22,0.22,0.01,0.01,0.14,0.04,0.0,0.07,0.22,0.09,0.09,0.08,0.07,0.12,0.2,0.18,0.03,0.03,0.11,0.06,0.06,0.06,0.22,0.18,0.14,0.0,0.2,0.17,0.22,0.1,0.12,0.15,0.15,0.06,0.04,0.13,0.04,0.06,0.02,0.03,0.07,0.1,0.07,0.03,0.06,0.05,0.14,0.01,0.09,0.1,0.14,0.09,0.13,0.17
1,21,19,5,6,10,2,6,12,14,14,13,36,0,5,5,9,12,6,7,16,27,7,14,3,10,17,20,23,6,10,15,9,18,37,13,9,2,9,7,11,16,4,11,20,27,7,9,3,42,15,4,12,17,9,4,2,4,4,89,0.14,0.05,0.14,0.06,0.09,0.17,0.11,0.12,0.04,0.1,0.03,0.03,0.1,0.11,0.13,0.08,0.08,0.04,0.06,0.03,0.01,0.06,0.09,0.12,0.04,0.04,0.05,0.06,0.04,0.21,0.16,0.21,0.2,0.12,0.04,0.05,0.14,0.14,0.05,0.09,0.14,0.14,0.08,0.15,0.16,0.12,0.21,0.11,0.03,0.11,0.03,0.07,0.12,0.12,0.07,0.21,0.08,0.03,0.21,0.08,0.06,0.06,0.09,0.02,0.11,0.16,0.08,0.1,0.08,0.04,0.04,0.02,0.17,0.21,0.18,0.06,0.17,0.04,0.09,0.02,0.1
1,28,25,3,4,8,4,8,18,14,13,12,33,0,3,6,9,12,4,9,12,21,10,11,2,9,15,24,21,4,11,14,10,17,38,12,10,1,8,8,13,12,7,9,19,25,12,5,2,30,14,4,16,17,9,4,2,5,4,104,0.14,0.04,0.11,0.06,0.11,0.13,0.13,0.14,0.02,0.09,0.02,0.05,0.05,0.1,0.16,0.16,0.03,0.01,0.04,0.04,0.0,0.05,0.11,0.11,0.06,0.06,0.04,0.04,0.1,0.21,0.17,0.21,0.21,0.13,0.05,0.04,0.18,0.08,0.05,0.12,0.11,0.14,0.05,0.15,0.18,0.09,0.18,0.05,0.09,0.1,0.05,0.07,0.11,0.21,0.08,0.2,0.1,0.03,0.21,0.09,0.05,0.05,0.08,0.01,0.12,0.15,0.08,0.09,0.08,0.03,0.04,0.01,0.16,0.21,0.15,0.05,0.16,0.02,0.11,0.02,0.09
1,27,27,3,4,3,6,6,13,17,11,9,31,2,5,5,6,7,7,4,23,24,7,10,1,11,22,24,19,2,14,8,8,21,30,11,9,5,8,11,11,19,4,6,25,21,10,14,2,32,17,4,7,19,6,5,2,7,2,110,0.13,0.05,0.08,0.08,0.09,0.14,0.13,0.07,0.07,0.08,0.03,0.03,0.03,0.16,0.12,0.04,0.06,0.04,0.08,0.01,0.02,0.03,0.19,0.1,0.06,0.04,0.04,0.02,0.21,0.16,0.19,0.21,0.19,0.14,0.11,0.04,0.21,0.07,0.02,0.12,0.16,0.09,0.05,0.1,0.19,0.19,0.18,0.17,0.06,0.05,0.04,0.05,0.11,0.1,0.07,0.21,0.13,0.05,0.21,0.08,0.03,0.09,0.04,0.01,0.09,0.12,0.08,0.05,0.08,0.09,0.02,0.01,0.18,0.21,0.14,0.16,0.1,0.06,0.04,0.06,0.04
1,22,24,3,10,5,3,8,15,16,14,14,26,1,5,5,8,14,4,5,16,28,6,13,4,10,20,22,16,9,12,13,13,18,39,10,9,4,7,5,10,15,8,3,21,30,8,10,2,34,17,4,7,16,11,3,5,3,4,97,0.1,0.11,0.1,0.07,0.12,0.12,0.17,0.01,0.09,0.09,0.03,0.04,0.02,0.2,0.11,0.05,0.06,0.05,0.06,0.02,0.02,0.01,0.15,0.12,0.04,0.04,0.03,0.03,0.09,0.22,0.18,0.22,0.22,0.07,0.02,0.02,0.18,0.1,0.06,0.1,0.17,0.09,0.1,0.09,0.17,0.16,0.21,0.08,0.05,0.1,0.03,0.1,0.12,0.07,0.03,0.22,0.1,0.04,0.22,0.07,0.04,0.12,0.07,0.01,0.11,0.16,0.08,0.08,0.1,0.03,0.02,0.03,0.19,0.22,0.1,0.05,0.12,0.1,0.04,0.05,0.1
1,22,19,4,6,2,2,5,6,10,8,24,23,2,8,14,19,14,16,20,25,46,9,4,3,12,15,19,10,11,11,8,12,9,11,6,5,6,10,11,22,9,5,7,25,26,12,6,2,38,12,8,8,16,6,1,10,16,1,87,0.13,0.03,0.0,0.01,0.11,0.01,0.0,0.0,0.07,0.17,0.1,0.07,0.03,0.02,0.14,0.13,0.16,0.1,0.22,0.13,0.01,0.01,0.01,0.02,0.04,0.04,0.15,0.08,0.03,0.02,0.01,0.03,0.0,0.01,0.08,0.22,0.12,0.12,0.03,0.06,0.05,0.05,0.2,0.14,0.16,0.22,0.08,0.03,0.06,0.22,0.09,0.03,0.02,0.06,0.19,0.07,0.09,0.06,0.18,0.13,0.07,0.08,0.08,0.02,0.03,0.09,0.1,0.09,0.09,0.08,0.05,0.0,0.22,0.2,0.19,0.18,0.1,0.1,0.2,0.22,0.12
3,24,20,3,11,8,2,6,8,12,7,18,33,2,11,18,27,17,17,5,30,27,13,13,3,13,15,39,20,12,10,6,8,14,19,9,7,0,3,7,18,16,9,5,17,20,10,8,1,20,18,7,6,11,7,0,6,10,2,76,0.08,0.01,0.01,0.03,0.08,0.01,0.01,0.01,0.08,0.18,0.04,0.05,0.08,0.1,0.16,0.1,0.18,0.08,0.21,0.03,0.09,0.09,0.21,0.0,0.0,0.08,0.11,0.1,0.11,0.1,0.05,0.13,0.01,0.0,0.1,0.2,0.07,0.21,0.09,0.07,0.11,0.16,0.17,0.05,0.14,0.21,0.05,0.05,0.03,0.13,0.21,0.07,0.11,0.11,0.21,0.18,0.06,0.06,0.07,0.04,0.09,0.13,0.21,0.01,0.05,0.05,0.13,0.19,0.18,0.05,0.05,0.05,0.06,0.03,0.07,0.09,0.09,0.12,0.1,0.04,0.14
3,17,22,2,3,4,2,9,9,9,12,13,25,1,7,10,25,10,15,20,27,41,13,7,4,23,17,14,16,1,9,10,10,20,14,9,6,2,8,9,25,6,5,6,29,36,9,2,6,31,15,5,9,18,4,1,3,16,3,80,0.14,0.01,0.0,0.01,0.06,0.0,0.0,0.07,0.09,0.1,0.07,0.08,0.04,0.07,0.08,0.12,0.13,0.09,0.23,0.14,0.01,0.01,0.03,0.02,0.06,0.04,0.08,0.07,0.02,0.01,0.02,0.03,0.01,0.0,0.04,0.23,0.2,0.08,0.05,0.03,0.02,0.16,0.06,0.23,0.11,0.23,0.19,0.05,0.14,0.23,0.13,0.0,0.06,0.1,0.11,0.03,0.11,0.12,0.16,0.04,0.17,0.06,0.11,0.02,0.04,0.06,0.05,0.05,0.13,0.06,0.08,0.03,0.23,0.23,0.02,0.0,0.19,0.04,0.14,0.23,0.19
3,18,20,3,6,8,0,6,7,9,7,19,36,0,9,14,25,8,20,19,25,33,12,4,6,17,12,14,19,8,9,14,9,11,11,5,7,6,10,7,26,9,7,8,21,25,8,6,1,43,12,4,15,18,4,3,3,13,0,85,0.11,0.03,0.01,0.01,0.07,0.01,0.0,0.05,0.06,0.13,0.14,0.04,0.0,0.09,0.09,0.09,0.11,0.14,0.22,0.17,0.04,0.0,0.02,0.02,0.04,0.04,0.11,0.07,0.04,0.02,0.02,0.03,0.01,0.0,0.01,0.22,0.06,0.15,0.04,0.06,0.05,0.05,0.22,0.08,0.13,0.22,0.03,0.06,0.07,0.22,0.18,0.02,0.02,0.08,0.22,0.02,0.1,0.05,0.12,0.03,0.18,0.11,0.1,0.04,0.12,0.1,0.04,0.11,0.12,0.07,0.04,0.02,0.12,0.16,0.22,0.22,0.06,0.12,0.22,0.22,0.15
3,22,20,2,2,5,0,8,5,5,9,20,31,1,11,13,18,13,16,23,24,30,12,8,2,18,12,15,18,7,8,8,16,12,16,7,5,1,12,4,24,7,7,5,30,36,7,7,2,45,13,4,10,17,7,1,5,16,1,81,0.11,0.03,0.01,0.0,0.06,0.0,0.01,0.06,0.08,0.13,0.07,0.12,0.03,0.12,0.04,0.12,0.08,0.11,0.22,0.13,0.01,0.01,0.02,0.03,0.05,0.05,0.09,0.08,0.03,0.02,0.01,0.05,0.0,0.01,0.06,0.22,0.11,0.1,0.04,0.07,0.04,0.07,0.18,0.13,0.13,0.22,0.06,0.04,0.07,0.19,0.21,0.02,0.0,0.16,0.18,0.01,0.11,0.13,0.13,0.03,0.17,0.1,0.09,0.02,0.1,0.05,0.07,0.05,0.16,0.09,0.04,0.03,0.19,0.15,0.22,0.18,0.19,0.11,0.22,0.21,0.16
3,22,28,0,11,7,4,9,14,7,6,17,10,2,5,10,11,12,30,9,23,40,5,15,7,8,11,17,22,3,7,11,9,19,19,14,7,3,8,12,22,14,7,18,14,30,13,6,1,13,16,6,7,13,3,3,10,12,0,102,0.11,0.06,0.02,0.02,0.09,0.06,0.05,0.1,0.15,0.19,0.14,0.06,0.2,0.17,0.06,0.04,0.03,0.11,0.12,0.21,0.07,0.07,0.09,0.04,0.03,0.02,0.04,0.16,0.15,0.21,0.21,0.21,0.09,0.12,0.0,0.12,0.07,0.14,0.14,0.18,0.09,0.16,0.14,0.07,0.11,0.11,0.09,0.08,0.09,0.14,0.15,0.18,0.01,0.1,0.08,0.03,0.1,0.08,0.21,0.08,0.05,0.03,0.13,0.08,0.05,0.04,0.04,0.07,0.03,0.03,0.1,0.08,0.15,0.13,0.11,0.04,0.1,0.07,0.07,0.05,0.14
3,25,30,1,6,11,3,10,12,3,14,13,11,3,9,9,14,14,28,4,26,34,6,10,4,15,12,15,23,3,13,12,9,19,25,19,7,3,4,14,11,14,9,15,13,34,11,7,2,14,16,5,9,15,5,0,7,6,3,95,0.03,0.06,0.04,0.02,0.08,0.04,0.09,0.07,0.17,0.19,0.06,0.1,0.1,0.22,0.12,0.01,0.02,0.12,0.17,0.22,0.08,0.06,0.07,0.07,0.0,0.06,0.02,0.14,0.18,0.22,0.22,0.22,0.1,0.11,0.04,0.14,0.06,0.15,0.12,0.14,0.1,0.11,0.11,0.13,0.1,0.12,0.05,0.0,0.11,0.12,0.22,0.15,0.05,0.03,0.14,0.02,0.1,0.13,0.2,0.06,0.05,0.13,0.02,0.07,0.02,0.03,0.03,0.03,0.05,0.02,0.08,0.13,0.17,0.09,0.04,0.07,0.12,0.06,0.11,0.06,0.14
3,23,28,3,7,11,3,11,12,6,11,12,12,5,4,10,14,11,27,2,21,39,4,12,3,15,12,18,18,4,10,8,10,13,26,16,10,5,6,13,16,18,9,13,16,31,15,2,3,17,16,7,8,15,3,0,5,12,1,102,0.07,0.08,0.02,0.02,0.09,0.04,0.07,0.13,0.14,0.17,0.12,0.06,0.21,0.21,0.04,0.04,0.02,0.13,0.17,0.21,0.07,0.09,0.07,0.03,0.02,0.03,0.01,0.18,0.14,0.21,0.21,0.21,0.11,0.11,0.06,0.05,0.09,0.14,0.16,0.17,0.09,0.11,0.11,0.13,0.04,0.11,0.05,0.05,0.07,0.13,0.2,0.17,0.03,0.06,0.1,0.03,0.07,0.14,0.21,0.03,0.06,0.12,0.05,0.06,0.04,0.04,0.01,0.02,0.05,0.03,0.08,0.12,0.15,0.11,0.06,0.07,0.11,0.12,0.04,0.08,0.13
3,23,30,2,7,12,1,10,11,6,12,15,15,2,7,8,13,16,30,2,22,34,7,7,3,12,12,18,20,4,9,13,8,17,23,18,11,3,7,13,13,17,9,14,15,33,13,5,1,18,18,4,10,14,3,0,5,11,1,97,0.06,0.06,0.03,0.02,0.08,0.04,0.07,0.12,0.16,0.18,0.12,0.07,0.09,0.22,0.05,0.01,0.05,0.12,0.21,0.19,0.07,0.08,0.07,0.05,0.0,0.05,0.01,0.2,0.13,0.22,0.22,0.22,0.12,0.08,0.05,0.08,0.1,0.15,0.12,0.16,0.07,0.17,0.11,0.08,0.08,0.12,0.03,0.06,0.06,0.12,0.22,0.14,0.05,0.04,0.13,0.03,0.07,0.14,0.22,0.04,0.05,0.13,0.02,0.04,0.02,0.03,0.04,0.02,0.05,0.04,0.07,0.16,0.17,0.08,0.08,0.04,0.13,0.07,0.1,0.07,0.12
3,33,28,2,10,3,3,7,9,4,6,13,8,0,7,12,24,7,24,11,18,33,11,5,4,20,5,16,12,5,2,10,6,23,26,9,12,4,8,15,21,19,9,10,16,28,13,5,0,9,17,7,12,15,7,3,5,20,3,110,0.07,0.01,0.02,0.01,0.06,0.04,0.06,0.1,0.23,0.22,0.05,0.04,0.08,0.06,0.02,0.01,0.03,0.23,0.23,0.1,0.03,0.05,0.02,0.02,0.05,0.08,0.12,0.19,0.13,0.1,0.06,0.19,0.05,0.04,0.03,0.09,0.14,0.1,0.14,0.07,0.13,0.09,0.06,0.1,0.18,0.23,0.05,0.01,0.05,0.04,0.0,0.05,0.21,0.23,0.01,0.02,0.18,0.15,0.23,0.04,0.03,0.04,0.0,0.23,0.13,0.08,0.04,0.11,0.05,0.09,0.12,0.11,0.06,0.11,0.18,0.12,0.09,0.02,0.01,0.04,0.05
3,32,27,2,4,10,2,8,5,9,8,9,10,1,4,12,27,8,33,5,22,33,8,5,5,19,8,15,11,5,3,7,5,18,42,11,6,4,10,13,16,12,7,14,10,36,10,9,2,9,10,8,8,13,7,6,4,25,2,110,0.05,0.03,0.0,0.01,0.07,0.02,0.09,0.09,0.24,0.23,0.02,0.13,0.09,0.05,0.03,0.01,0.04,0.24,0.24,0.04,0.05,0.07,0.07,0.01,0.06,0.05,0.16,0.18,0.1,0.11,0.12,0.16,0.04,0.09,0.03,0.09,0.12,0.11,0.09,0.14,0.1,0.07,0.03,0.08,0.24,0.24,0.1,0.01,0.06,0.03,0.04,0.13,0.17,0.15,0.0,0.02,0.23,0.12,0.24,0.03,0.06,0.03,0.01,0.11,0.13,0.12,0.15,0.06,0.06,0.03,0.1,0.2,0.09,0.1,0.1,0.12,0.03,0.03,0.01,0.01,0.03
3,26,26,1,17,7,3,5,7,3,8,12,8,2,3,12,22,6,20,7,23,37,9,8,6,19,11,16,11,4,6,9,9,26,18,7,14,4,15,12,35,16,7,13,23,27,11,6,2,9,12,6,10,10,14,3,4,17,1,99,0.1,0.0,0.02,0.02,0.04,0.02,0.02,0.16,0.23,0.22,0.09,0.05,0.04,0.06,0.02,0.01,0.02,0.23,0.23,0.04,0.04,0.04,0.02,0.02,0.07,0.07,0.13,0.18,0.13,0.07,0.09,0.2,0.05,0.01,0.07,0.11,0.11,0.1,0.17,0.09,0.08,0.09,0.06,0.12,0.12,0.2,0.09,0.03,0.05,0.05,0.05,0.05,0.19,0.23,0.02,0.08,0.23,0.09,0.23,0.03,0.01,0.03,0.04,0.13,0.13,0.04,0.03,0.05,0.11,0.13,0.09,0.13,0.1,0.16,0.23,0.11,0.03,0.07,0.03,0.03,0.07
3,20,22,6,11,8,4,2,8,13,13,18,31,2,10,15,31,15,19,5,30,25,9,17,2,15,14,41,22,13,9,9,8,10,18,8,4,3,4,7,20,14,10,2,17,20,7,11,3,19,20,7,1,14,6,0,3,14,1,74,0.08,0.01,0.01,0.03,0.07,0.01,0.01,0.01,0.08,0.15,0.02,0.06,0.05,0.09,0.19,0.09,0.17,0.12,0.21,0.05,0.09,0.08,0.21,0.0,0.02,0.09,0.11,0.06,0.15,0.1,0.06,0.11,0.01,0.01,0.08,0.18,0.14,0.16,0.1,0.03,0.04,0.21,0.16,0.04,0.14,0.21,0.08,0.02,0.05,0.16,0.19,0.09,0.13,0.07,0.17,0.19,0.07,0.05,0.1,0.02,0.06,0.2,0.21,0.02,0.05,0.05,0.16,0.12,0.21,0.05,0.08,0.02,0.06,0.06,0.07,0.09,0.08,0.13,0.08,0.06,0.12
3,30,29,2,10,10,1,6,4,7,5,9,20,3,2,14,15,6,32,8,22,39,11,4,4,16,12,12,3,4,4,5,10,17,15,6,10,6,14,12,29,14,11,13,15,32,16,9,2,12,15,4,7,11,4,4,9,24,1,113,0.06,0.02,0.01,0.01,0.07,0.02,0.07,0.09,0.23,0.23,0.04,0.08,0.08,0.05,0.03,0.0,0.04,0.19,0.23,0.08,0.02,0.04,0.04,0.0,0.07,0.04,0.11,0.17,0.14,0.09,0.06,0.18,0.06,0.04,0.04,0.08,0.11,0.08,0.12,0.06,0.05,0.12,0.04,0.07,0.22,0.23,0.18,0.02,0.02,0.06,0.01,0.21,0.05,0.19,0.05,0.09,0.19,0.09,0.23,0.09,0.02,0.05,0.07,0.23,0.09,0.01,0.05,0.03,0.09,0.03,0.09,0.15,0.14,0.23,0.08,0.06,0.09,0.0,0.06,0.06,0.2
3,6,12,2,33,9,1,12,5,1,9,5,29,0,0,5,64,13,6,1,0,15,13,1,1,0,0,0,3,0,2,11,10,47,84,4,5,1,20,19,175,29,7,5,7,31,23,6,0,3,8,2,2,1,1,0,0,7,0,28,0.01,0.0,0.05,0.0,0.01,0.0,0.0,0.0,0.0,0.02,0.05,0.1,0.16,0.16,0.13,0.06,0.0,0.0,0.05,0.03,0.0,0.0,0.0,0.01,0.0,0.05,0.0,0.0,0.03,0.26,0.02,0.01,0.0,0.0,0.0,0.0,0.24,0.07,0.14,0.11,0.02,0.15,0.08,0.05,0.25,0.1,0.02,0.01,0.01,0.06,0.13,0.26,0.06,0.11,0.26,0.26,0.04,0.01,0.02,0.0,0.02,0.01,0.08,0.26,0.03,0.01,0.0,0.01,0.03,0.06,0.26,0.26,0.2,0.01,0.01,0.01,0.0,0.0,0.02,0.26,0.26
3,5,8,3,34,8,0,15,4,0,12,6,20,2,0,3,47,15,8,0,1,39,11,2,1,3,0,0,1,0,2,15,15,41,119,7,5,0,23,11,112,28,7,9,11,30,23,6,3,5,14,3,4,0,1,1,2,10,0,29,0.01,0.0,0.04,0.03,0.01,0.0,0.0,0.0,0.0,0.05,0.09,0.05,0.18,0.09,0.02,0.06,0.0,0.03,0.04,0.01,0.0,0.02,0.13,0.07,0.14,0.12,0.03,0.0,0.15,0.25,0.02,0.01,0.0,0.0,0.0,0.0,0.11,0.1,0.16,0.16,0.08,0.06,0.09,0.04,0.19,0.2,0.12,0.04,0.02,0.0,0.05,0.27,0.05,0.11,0.27,0.27,0.01,0.01,0.02,0.01,0.01,0.01,0.02,0.27,0.27,0.0,0.0,0.01,0.03,0.03,0.03,0.27,0.24,0.19,0.01,0.02,0.01,0.01,0.01,0.21,0.17
3,9,12,1,43,5,1,8,7,0,8,9,31,1,1,5,76,19,6,1,0,16,11,1,0,0,2,1,3,0,2,13,14,34,53,6,2,1,24,13,165,23,7,11,6,39,24,6,0,5,7,3,6,1,4,0,0,7,0,31,0.1,0.04,0.14,0.02,0.01,0.0,0.0,0.0,0.0,0.01,0.07,0.06,0.16,0.18,0.19,0.06,0.07,0.09,0.03,0.04,0.0,0.0,0.0,0.0,0.0,0.0,0.0,0.05,0.22,0.18,0.01,0.03,0.0,0.03,0.06,0.14,0.2,0.06,0.06,0.06,0.09,0.14,0.1,0.05,0.22,0.01,0.0,0.0,0.02,0.03,0.21,0.26,0.14,0.0,0.26,0.07,0.0,0.01,0.01,0.02,0.0,0.02,0.26,0.26,0.02,0.0,0.01,0.0,0.04,0.01,0.26,0.26,0.13,0.01,0.01,0.02,0.01,0.0,0.01,0.26,0.22
3,8,10,2,44,7,1,9,4,0,7,8,29,1,1,6,64,19,4,2,1,17,12,1,0,2,0,0,2,1,0,14,12,35,63,6,2,1,17,21,184,22,6,11,7,31,22,5,1,5,3,3,5,1,0,2,1,12,0,30,0.04,0.09,0.05,0.01,0.01,0.0,0.0,0.0,0.0,0.04,0.04,0.21,0.1,0.25,0.16,0.04,0.05,0.06,0.03,0.04,0.0,0.0,0.0,0.0,0.0,0.0,0.01,0.02,0.09,0.26,0.01,0.0,0.0,0.0,0.04,0.12,0.17,0.1,0.12,0.05,0.09,0.04,0.16,0.1,0.2,0.04,0.01,0.01,0.01,0.06,0.22,0.26,0.13,0.04,0.26,0.21,0.02,0.0,0.02,0.01,0.02,0.01,0.09,0.26,0.01,0.0,0.0,0.01,0.04,0.01,0.26,0.26,0.15,0.02,0.02,0.0,0.02,0.02,0.0,0.26,0.18
3,24,22,1,4,11,3,6,10,17,11,14,32,0,14,9,29,16,15,6,28,20,10,10,1,21,12,46,20,12,10,8,11,16,26,12,4,2,6,4,16,13,5,6,16,24,5,9,3,20,17,6,8,10,12,0,5,4,4,78,0.08,0.01,0.01,0.03,0.09,0.0,0.01,0.02,0.07,0.12,0.04,0.06,0.07,0.11,0.14,0.12,0.2,0.08,0.21,0.08,0.06,0.13,0.21,0.02,0.0,0.07,0.11,0.07,0.14,0.11,0.06,0.11,0.03,0.0,0.09,0.21,0.14,0.17,0.12,0.06,0.14,0.16,0.13,0.07,0.08,0.21,0.04,0.02,0.03,0.14,0.19,0.11,0.09,0.11,0.21,0.12,0.07,0.04,0.1,0.01,0.09,0.19,0.21,0.08,0.02,0.05,0.09,0.21,0.15,0.05,0.07,0.02,0.09,0.05,0.05,0.11,0.08,0.17,0.03,0.11,0.07
3,24,20,3,10,5,3,2,12,12,8,18,28,1,10,18,29,15,18,7,28,26,11,13,5,14,15,39,22,12,10,7,7,13,22,8,10,1,2,8,19,17,8,3,18,21,9,7,3,20,19,6,3,15,7,1,2,10,4,76,0.08,0.01,0.01,0.02,0.08,0.01,0.01,0.01,0.08,0.17,0.1,0.05,0.06,0.09,0.16,0.1,0.16,0.09,0.22,0.03,0.11,0.09,0.22,0.0,0.01,0.09,0.02,0.04,0.15,0.1,0.04,0.13,0.01,0.0,0.09,0.21,0.08,0.16,0.15,0.07,0.09,0.16,0.13,0.1,0.14,0.22,0.07,0.02,0.03,0.13,0.22,0.06,0.17,0.06,0.16,0.22,0.06,0.04,0.09,0.02,0.1,0.12,0.22,0.02,0.04,0.06,0.16,0.14,0.2,0.02,0.06,0.04,0.11,0.03,0.07,0.08,0.08,0.13,0.07,0.06,0.11
3,26,20,2,3,9,5,7,14,12,12,8,36,2,4,4,6,7,4,7,18,30,6,12,2,12,18,19,21,2,13,13,3,23,35,12,9,5,11,13,13,20,8,3,21,24,11,7,2,34,15,3,14,18,10,3,5,4,5,99,0.13,0.05,0.11,0.06,0.12,0.15,0.12,0.14,0.02,0.11,0.01,0.03,0.02,0.13,0.11,0.1,0.06,0.04,0.05,0.01,0.04,0.03,0.12,0.2,0.05,0.03,0.06,0.03,0.11,0.21,0.13,0.21,0.19,0.04,0.1,0.0,0.21,0.07,0.08,0.06,0.2,0.07,0.14,0.08,0.13,0.2,0.21,0.11,0.03,0.06,0.09,0.02,0.12,0.05,0.05,0.21,0.07,0.06,0.21,0.04,0.08,0.09,0.05,0.02,0.12,0.12,0.06,0.12,0.05,0.0,0.02,0.04,0.21,0.18,0.09,0.18,0.11,0.1,0.05,0.05,0.04
3,22,23,3,5,8,3,7,13,18,13,12,31,5,4,5,8,10,5,10,12,34,3,10,1,10,16,18,16,10,7,15,9,18,39,13,5,7,5,10,10,14,7,6,21,31,8,10,1,34,20,4,12,21,6,2,4,7,3,100,0.08,0.08,0.09,0.07,0.12,0.11,0.13,0.12,0.07,0.08,0.03,0.03,0.08,0.14,0.13,0.11,0.05,0.04,0.1,0.02,0.04,0.01,0.1,0.19,0.02,0.04,0.04,0.0,0.14,0.21,0.16,0.21,0.21,0.07,0.08,0.0,0.18,0.11,0.04,0.1,0.13,0.12,0.09,0.07,0.21,0.11,0.14,0.15,0.06,0.05,0.05,0.1,0.09,0.17,0.06,0.21,0.07,0.05,0.21,0.04,0.06,0.08,0.02,0.03,0.13,0.13,0.12,0.06,0.1,0.02,0.01,0.03,0.21,0.21,0.1,0.13,0.13,0.04,0.06,0.09,0.03
3,25,22,3,3,3,4,10,14,14,12,14,35,3,7,6,6,12,5,8,15,31,5,10,2,11,20,14,12,8,16,15,7,21,28,12,10,3,8,6,17,18,7,6,17,26,8,10,2,42,15,8,6,19,5,2,4,6,4,102,0.12,0.04,0.07,0.06,0.11,0.12,0.13,0.1,0.09,0.05,0.05,0.03,0.05,0.17,0.18,0.06,0.05,0.02,0.06,0.02,0.01,0.06,0.14,0.17,0.06,0.02,0.06,0.0,0.08,0.21,0.21,0.21,0.18,0.12,0.12,0.02,0.21,0.05,0.07,0.04,0.17,0.08,0.08,0.05,0.21,0.13,0.18,0.11,0.03,0.07,0.04,0.07,0.09,0.2,0.06,0.21,0.06,0.06,0.19,0.1,0.05,0.04,0.05,0.02,0.1,0.1,0.12,0.09,0.04,0.1,0.03,0.0,0.18,0.21,0.16,0.06,0.17,0.07,0.04,0.07,0.05
3,22,23,3,5,8,3,7,13,18,13,12,31,5,4,5,8,10,5,10,12,34,3,10,1,10,16,18,16,10,7,15,9,18,39,13,5,7,5,10,10,14,7,6,21,31,8,10,1,34,20,4,12,21,6,2,4,7,3,100,0.08,0.08,0.09,0.07,0.12,0.11,0.13,0.12,0.07,0.08,0.03,0.03,0.08,0.14,0.13,0.11,0.05,0.04,0.1,0.02,0.04,0.01,0.1,0.19,0.02,0.04,0.04,0.0,0.14,0.21,0.16,0.21,0.21,0.07,0.08,0.0,0.18,0.11,0.04,0.1,0.13,0.12,0.09,0.07,0.21,0.11,0.14,0.15,0.06,0.05,0.05,0.1,0.09,0.17,0.06,0.21,0.07,0.05,0.21,0.04,0.06,0.08,0.02,0.03,0.13,0.13,0.12,0.06,0.1,0.02,0.01,0.03,0.21,0.21,0.1,0.13,0.13,0.04,0.06,0.09,0.03
3,20,21,2,6,6,2,6,9,5,15,12,16,3,5,9,24,11,13,23,25,33,8,7,1,25,16,13,15,2,7,9,10,13,17,13,6,5,9,16,26,10,3,7,31,35,13,4,1,32,14,5,13,24,6,1,4,15,2,80,0.12,0.03,0.0,0.01,0.06,0.0,0.0,0.07,0.12,0.15,0.03,0.07,0.02,0.11,0.11,0.09,0.09,0.1,0.24,0.06,0.04,0.01,0.03,0.04,0.05,0.05,0.04,0.04,0.02,0.01,0.0,0.05,0.0,0.03,0.1,0.24,0.12,0.09,0.06,0.05,0.08,0.08,0.1,0.2,0.13,0.24,0.05,0.03,0.19,0.24,0.12,0.05,0.04,0.15,0.18,0.01,0.13,0.16,0.17,0.06,0.08,0.06,0.07,0.01,0.03,0.07,0.07,0.1,0.08,0.08,0.09,0.04,0.24,0.24,0.01,0.05,0.16,0.0,0.15,0.23,0.2
2,23,20,2,6,6,2,5,9,19,18,22,32,2,12,14,15,19,7,6,29,33,18,11,0,13,12,31,17,5,12,16,5,15,18,13,3,2,2,13,23,19,3,7,21,20,9,9,0,28,13,6,10,10,7,0,5,4,5,78,0.08,0.0,0.01,0.03,0.06,0.05,0.05,0.13,0.04,0.22,0.05,0.04,0.01,0.04,0.03,0.17,0.07,0.12,0.12,0.02,0.05,0.16,0.22,0.01,0.0,0.08,0.12,0.22,0.22,0.07,0.0,0.14,0.05,0.04,0.05,0.22,0.04,0.12,0.09,0.06,0.12,0.19,0.08,0.05,0.01,0.12,0.07,0.06,0.12,0.22,0.18,0.14,0.05,0.07,0.21,0.09,0.06,0.22,0.22,0.1,0.05,0.05,0.03,0.11,0.05,0.03,0.03,0.04,0.08,0.08,0.02,0.07,0.19,0.14,0.05,0.04,0.09,0.1,0.13,0.11,0.18
2,17,24,2,10,9,1,1,6,10,9,22,23,1,7,15,20,11,18,19,24,43,11,9,7,17,17,20,17,5,8,9,7,12,16,5,5,4,11,9,21,6,6,7,25,28,8,5,1,41,14,4,11,17,7,0,10,13,0,79,0.14,0.01,0.0,0.01,0.09,0.02,0.0,0.02,0.06,0.13,0.06,0.04,0.01,0.08,0.1,0.18,0.13,0.13,0.22,0.06,0.03,0.02,0.03,0.03,0.03,0.08,0.11,0.09,0.03,0.01,0.02,0.05,0.01,0.0,0.13,0.2,0.15,0.12,0.05,0.02,0.09,0.05,0.15,0.2,0.11,0.22,0.07,0.02,0.14,0.22,0.1,0.03,0.06,0.1,0.22,0.06,0.13,0.05,0.13,0.09,0.06,0.07,0.09,0.04,0.02,0.03,0.15,0.11,0.05,0.07,0.09,0.02,0.22,0.22,0.22,0.11,0.1,0.12,0.22,0.17,0.15
2,18,22,0,4,6,4,6,6,13,10,15,32,3,6,16,22,4,23,15,23,35,15,9,2,16,14,18,13,5,11,7,4,23,12,4,10,2,11,12,19,10,3,7,24,45,8,6,1,37,14,5,9,19,1,3,4,16,1,81,0.15,0.01,0.0,0.0,0.1,0.01,0.0,0.03,0.05,0.13,0.0,0.12,0.0,0.05,0.09,0.11,0.16,0.22,0.24,0.04,0.01,0.02,0.03,0.02,0.03,0.06,0.12,0.07,0.04,0.01,0.02,0.03,0.0,0.01,0.07,0.24,0.12,0.06,0.07,0.05,0.02,0.14,0.24,0.12,0.2,0.24,0.07,0.03,0.01,0.15,0.24,0.04,0.05,0.17,0.07,0.01,0.12,0.09,0.11,0.04,0.12,0.07,0.23,0.03,0.05,0.08,0.09,0.07,0.08,0.08,0.05,0.02,0.24,0.06,0.01,0.02,0.07,0.1,0.09,0.22,0.24
2,20,22,1,4,5,4,4,9,12,9,15,28,2,7,12,16,12,14,21,24,44,11,10,4,15,12,25,15,9,6,18,4,14,12,5,4,2,6,9,15,5,5,4,23,29,8,4,4,52,14,3,10,20,3,4,6,19,2,88,0.11,0.04,0.01,0.0,0.12,0.01,0.0,0.0,0.07,0.13,0.11,0.05,0.01,0.15,0.06,0.14,0.15,0.13,0.23,0.13,0.01,0.01,0.01,0.04,0.04,0.09,0.09,0.07,0.04,0.0,0.01,0.04,0.01,0.0,0.1,0.23,0.13,0.09,0.06,0.05,0.04,0.08,0.18,0.16,0.19,0.23,0.04,0.08,0.07,0.17,0.15,0.05,0.01,0.13,0.23,0.02,0.1,0.08,0.13,0.0,0.03,0.05,0.13,0.04,0.05,0.14,0.06,0.04,0.1,0.11,0.03,0.01,0.17,0.23,0.23,0.23,0.07,0.08,0.23,0.13,0.1
2,22,30,3,5,9,3,14,7,11,4,12,21,0,7,10,9,15,28,10,19,35,9,10,6,8,13,23,20,5,5,18,9,14,24,14,8,3,6,10,18,20,6,13,18,25,15,3,3,17,14,7,9,10,5,3,8,13,0,98,0.03,0.07,0.04,0.01,0.1,0.03,0.07,0.1,0.18,0.09,0.14,0.12,0.22,0.18,0.04,0.04,0.03,0.12,0.11,0.22,0.08,0.07,0.06,0.03,0.04,0.03,0.04,0.17,0.1,0.22,0.22,0.22,0.09,0.04,0.07,0.09,0.17,0.09,0.11,0.22,0.08,0.17,0.08,0.16,0.04,0.16,0.15,0.03,0.08,0.09,0.18,0.15,0.04,0.04,0.06,0.11,0.04,0.13,0.19,0.03,0.06,0.12,0.07,0.04,0.03,0.05,0.09,0.03,0.01,0.05,0.05,0.12,0.17,0.15,0.1,0.06,0.03,0.11,0.08,0.02,0.12
2,23,29,2,5,5,3,8,13,15,8,11,19,0,6,10,11,14,25,9,22,34,8,9,5,17,10,18,22,2,7,11,13,19,19,15,11,3,8,11,14,16,7,11,13,26,18,9,2,17,15,2,7,12,7,3,7,10,2,106,0.05,0.08,0.03,0.04,0.07,0.04,0.06,0.14,0.14,0.1,0.18,0.09,0.17,0.16,0.05,0.06,0.04,0.1,0.12,0.22,0.09,0.07,0.07,0.06,0.05,0.03,0.0,0.14,0.13,0.22,0.22,0.22,0.11,0.05,0.06,0.1,0.15,0.1,0.14,0.22,0.06,0.14,0.13,0.14,0.05,0.15,0.1,0.1,0.12,0.07,0.22,0.11,0.05,0.08,0.09,0.07,0.04,0.13,0.21,0.03,0.06,0.13,0.05,0.03,0.06,0.09,0.01,0.05,0.03,0.02,0.1,0.08,0.19,0.14,0.08,0.06,0.06,0.15,0.03,0.08,0.07
2,22,26,2,3,7,4,14,8,14,6,12,15,2,4,12,11,14,21,10,24,33,9,9,10,16,13,23,19,4,7,9,13,21,28,12,10,6,7,7,18,17,7,14,15,24,12,4,2,15,13,3,14,10,13,2,14,8,1,91,0.07,0.05,0.04,0.04,0.07,0.05,0.05,0.08,0.18,0.15,0.14,0.16,0.22,0.12,0.04,0.03,0.04,0.1,0.11,0.2,0.1,0.06,0.07,0.08,0.04,0.01,0.04,0.13,0.16,0.21,0.21,0.22,0.1,0.06,0.02,0.13,0.17,0.12,0.1,0.22,0.07,0.2,0.05,0.13,0.06,0.13,0.13,0.02,0.1,0.08,0.21,0.12,0.03,0.11,0.1,0.07,0.06,0.12,0.19,0.04,0.08,0.09,0.07,0.04,0.06,0.06,0.08,0.03,0.05,0.0,0.06,0.11,0.17,0.11,0.1,0.08,0.07,0.04,0.12,0.02,0.14
2,22,28,2,6,7,4,12,8,10,5,12,17,2,6,11,12,15,25,6,25,35,10,12,6,13,18,20,22,4,3,14,10,19,24,13,10,1,9,10,16,16,4,17,15,26,15,7,2,9,11,5,7,9,12,2,10,14,1,98,0.05,0.09,0.03,0.03,0.07,0.04,0.03,0.16,0.14,0.11,0.19,0.12,0.15,0.16,0.02,0.07,0.03,0.09,0.09,0.22,0.08,0.08,0.08,0.06,0.04,0.05,0.02,0.14,0.22,0.22,0.16,0.22,0.09,0.07,0.06,0.08,0.15,0.09,0.15,0.22,0.05,0.21,0.06,0.17,0.06,0.16,0.12,0.11,0.03,0.12,0.18,0.12,0.05,0.09,0.02,0.13,0.05,0.14,0.15,0.07,0.07,0.13,0.08,0.07,0.02,0.09,0.05,0.05,0.04,0.04,0.04,0.09,0.19,0.14,0.08,0.07,0.07,0.06,0.1,0.03,0.08
2,27,21,4,12,3,0,6,12,6,9,14,11,2,4,7,22,14,29,9,28,32,8,5,3,24,7,24,12,3,4,4,6,23,15,15,6,4,11,13,22,17,7,12,16,39,15,7,2,5,10,5,10,12,11,4,5,28,1,97,0.06,0.04,0.01,0.02,0.05,0.04,0.02,0.2,0.22,0.08,0.03,0.02,0.09,0.1,0.05,0.02,0.08,0.14,0.22,0.05,0.06,0.02,0.04,0.02,0.01,0.08,0.2,0.15,0.12,0.06,0.06,0.15,0.01,0.02,0.06,0.22,0.16,0.08,0.15,0.11,0.12,0.13,0.1,0.14,0.05,0.22,0.06,0.03,0.03,0.05,0.03,0.09,0.19,0.21,0.03,0.05,0.2,0.16,0.22,0.06,0.02,0.03,0.03,0.15,0.07,0.02,0.03,0.07,0.1,0.11,0.13,0.12,0.16,0.19,0.22,0.06,0.08,0.01,0.01,0.05,0.14
2,24,27,2,7,4,5,3,15,4,6,12,16,2,2,14,16,16,18,12,24,27,11,7,8,30,11,20,11,5,5,7,9,20,21,10,5,4,11,10,20,11,15,8,16,37,12,5,1,10,8,5,8,14,19,3,10,13,1,107,0.07,0.0,0.02,0.03,0.07,0.09,0.02,0.13,0.07,0.2,0.05,0.02,0.08,0.12,0.04,0.0,0.04,0.22,0.22,0.06,0.05,0.04,0.05,0.02,0.05,0.08,0.2,0.17,0.14,0.07,0.06,0.17,0.05,0.07,0.03,0.13,0.1,0.15,0.17,0.12,0.04,0.1,0.12,0.14,0.21,0.22,0.05,0.03,0.03,0.08,0.04,0.06,0.22,0.22,0.01,0.04,0.22,0.12,0.22,0.08,0.04,0.03,0.02,0.1,0.18,0.02,0.06,0.11,0.07,0.04,0.12,0.19,0.09,0.12,0.15,0.01,0.13,0.06,0.05,0.07,0.03
2,26,23,0,7,7,2,7,11,4,11,12,18,3,0,11,14,10,25,5,25,35,12,5,6,20,13,21,12,2,8,9,7,24,21,9,12,4,10,14,22,16,8,11,22,34,9,5,3,9,14,6,5,11,15,3,6,15,2,103,0.05,0.0,0.02,0.01,0.06,0.05,0.04,0.12,0.22,0.19,0.06,0.03,0.07,0.14,0.01,0.03,0.04,0.16,0.22,0.03,0.05,0.05,0.03,0.06,0.05,0.05,0.13,0.22,0.12,0.09,0.07,0.14,0.02,0.02,0.02,0.13,0.17,0.08,0.18,0.15,0.04,0.14,0.16,0.1,0.09,0.22,0.07,0.03,0.02,0.07,0.04,0.06,0.19,0.18,0.07,0.08,0.22,0.14,0.22,0.04,0.04,0.02,0.02,0.06,0.14,0.01,0.01,0.09,0.09,0.05,0.19,0.15,0.21,0.1,0.19,0.02,0.14,0.02,0.05,0.07,0.07
2,22,24,1,7,6,1,2,8,15,21,24,43,2,15,13,14,12,8,10,29,38,14,17,0,9,11,27,15,4,10,14,6,12,23,8,3,1,3,11,26,14,6,6,20,16,6,8,0,39,14,5,6,11,4,2,6,6,5,81,0.1,0.0,0.01,0.04,0.05,0.05,0.04,0.06,0.08,0.22,0.03,0.04,0.01,0.05,0.07,0.14,0.11,0.07,0.19,0.06,0.05,0.16,0.22,0.02,0.02,0.02,0.11,0.22,0.22,0.05,0.02,0.13,0.04,0.04,0.06,0.22,0.05,0.07,0.08,0.08,0.17,0.17,0.06,0.04,0.03,0.04,0.1,0.09,0.12,0.2,0.22,0.09,0.13,0.04,0.13,0.06,0.05,0.22,0.22,0.04,0.05,0.08,0.06,0.14,0.06,0.01,0.03,0.06,0.1,0.08,0.03,0.04,0.18,0.15,0.06,0.01,0.15,0.1,0.16,0.1,0.16
2,30,28,3,3,7,1,4,12,4,8,16,21,1,4,12,14,13,27,15,16,35,9,3,5,23,8,20,6,4,7,8,9,17,18,12,10,5,10,8,21,13,9,9,16,36,12,4,1,13,11,6,8,16,13,3,6,22,0,109,0.04,0.02,0.0,0.02,0.07,0.09,0.05,0.12,0.09,0.22,0.02,0.04,0.08,0.12,0.04,0.01,0.03,0.22,0.22,0.04,0.06,0.04,0.04,0.02,0.05,0.07,0.12,0.16,0.09,0.1,0.09,0.14,0.01,0.07,0.04,0.16,0.16,0.09,0.17,0.16,0.08,0.1,0.09,0.16,0.2,0.22,0.06,0.04,0.06,0.06,0.03,0.03,0.22,0.15,0.03,0.04,0.21,0.19,0.22,0.09,0.04,0.04,0.0,0.16,0.17,0.01,0.07,0.1,0.06,0.05,0.18,0.13,0.11,0.05,0.15,0.05,0.14,0.05,0.06,0.05,0.09
2,10,11,0,32,7,3,14,11,1,8,10,30,2,0,4,66,11,6,1,0,23,9,3,1,3,0,0,2,0,2,10,15,44,99,6,7,2,20,5,153,21,4,10,4,25,14,2,2,4,2,2,7,2,5,0,0,6,2,41,0.02,0.08,0.03,0.03,0.01,0.0,0.0,0.0,0.0,0.01,0.06,0.13,0.15,0.15,0.09,0.04,0.13,0.0,0.01,0.07,0.01,0.0,0.0,0.0,0.0,0.0,0.0,0.07,0.02,0.27,0.02,0.01,0.0,0.0,0.06,0.05,0.07,0.09,0.11,0.07,0.09,0.04,0.15,0.15,0.16,0.03,0.02,0.01,0.01,0.05,0.16,0.27,0.01,0.04,0.27,0.27,0.09,0.03,0.02,0.01,0.01,0.02,0.04,0.27,0.01,0.01,0.0,0.0,0.07,0.05,0.27,0.27,0.27,0.02,0.01,0.0,0.01,0.01,0.05,0.27,0.27
2,7,10,1,25,6,1,19,9,2,6,12,39,4,0,4,68,14,7,0,0,15,8,0,0,2,0,0,0,0,1,10,15,48,104,5,4,2,23,10,156,23,8,10,7,12,15,6,2,3,5,4,2,1,1,5,0,5,1,37,0.01,0.0,0.04,0.02,0.01,0.0,0.0,0.0,0.0,0.02,0.02,0.15,0.13,0.16,0.1,0.0,0.0,0.0,0.04,0.05,0.0,0.0,0.02,0.0,0.05,0.02,0.0,0.01,0.0,0.26,0.15,0.01,0.0,0.0,0.01,0.0,0.26,0.11,0.24,0.03,0.09,0.05,0.11,0.07,0.08,0.11,0.04,0.02,0.01,0.0,0.14,0.26,0.0,0.13,0.2,0.26,0.19,0.02,0.03,0.0,0.03,0.03,0.03,0.26,0.05,0.0,0.0,0.03,0.06,0.06,0.26,0.26,0.08,0.01,0.0,0.02,0.0,0.0,0.16,0.26,0.26
2,11,12,0,24,9,2,16,7,1,10,9,32,1,0,3,65,18,6,2,0,23,12,2,0,2,0,0,0,0,1,13,13,42,98,7,2,0,23,14,136,26,5,10,7,20,24,1,3,3,8,6,2,2,0,1,2,8,1,39,0.01,0.0,0.04,0.02,0.01,0.0,0.0,0.0,0.0,0.04,0.07,0.1,0.04,0.2,0.05,0.13,0.01,0.03,0.03,0.05,0.0,0.0,0.01,0.0,0.11,0.04,0.0,0.0,0.01,0.27,0.08,0.01,0.0,0.0,0.01,0.0,0.13,0.11,0.08,0.18,0.02,0.06,0.14,0.07,0.2,0.15,0.04,0.02,0.0,0.01,0.08,0.27,0.05,0.11,0.25,0.27,0.1,0.01,0.02,0.02,0.01,0.02,0.07,0.27,0.11,0.0,0.0,0.02,0.06,0.07,0.27,0.24,0.21,0.03,0.0,0.02,0.01,0.0,0.08,0.23,0.27
2,13,13,0,25,10,0,15,8,1,11,12,36,0,2,3,63,14,5,1,0,19,12,0,0,2,1,0,0,1,1,11,10,44,102,6,4,2,21,16,139,24,5,8,6,21,24,3,1,5,8,2,4,1,0,1,2,8,1,37,0.01,0.0,0.04,0.03,0.01,0.0,0.0,0.0,0.0,0.03,0.11,0.06,0.06,0.17,0.11,0.04,0.0,0.02,0.06,0.02,0.0,0.0,0.0,0.04,0.06,0.03,0.0,0.0,0.0,0.27,0.1,0.01,0.0,0.0,0.0,0.0,0.18,0.12,0.14,0.13,0.04,0.06,0.13,0.08,0.12,0.15,0.03,0.01,0.02,0.01,0.1,0.27,0.08,0.11,0.27,0.27,0.12,0.02,0.02,0.01,0.01,0.01,0.07,0.27,0.14,0.0,0.0,0.02,0.06,0.05,0.27,0.26,0.19,0.02,0.01,0.01,0.0,0.0,0.1,0.27,0.27
2,25,22,2,3,11,3,2,5,16,21,16,39,0,9,13,11,10,4,10,37,37,15,18,0,19,7,28,22,4,16,18,7,11,24,10,2,2,5,11,23,12,2,6,16,17,9,9,2,34,17,4,7,8,4,0,7,9,4,79,0.1,0.01,0.0,0.03,0.06,0.06,0.07,0.07,0.08,0.21,0.04,0.05,0.02,0.01,0.06,0.16,0.16,0.08,0.19,0.05,0.03,0.12,0.22,0.04,0.01,0.01,0.12,0.22,0.22,0.08,0.03,0.14,0.01,0.05,0.09,0.21,0.04,0.06,0.11,0.15,0.11,0.15,0.08,0.09,0.0,0.07,0.06,0.09,0.09,0.22,0.22,0.08,0.12,0.07,0.11,0.09,0.07,0.18,0.22,0.04,0.07,0.09,0.07,0.12,0.06,0.03,0.01,0.08,0.06,0.1,0.04,0.04,0.15,0.17,0.02,0.06,0.1,0.09,0.16,0.12,0.2
2,26,20,1,5,10,1,3,4,13,20,16,36,2,11,11,12,14,4,9,32,39,15,21,2,15,11,32,21,5,10,18,4,12,25,11,0,2,3,14,22,15,4,5,18,15,11,7,0,34,11,5,12,8,5,0,5,10,5,82,0.09,0.02,0.0,0.03,0.05,0.06,0.07,0.08,0.06,0.22,0.04,0.03,0.0,0.04,0.07,0.1,0.14,0.12,0.18,0.03,0.03,0.13,0.22,0.03,0.0,0.02,0.09,0.22,0.22,0.11,0.03,0.13,0.01,0.04,0.08,0.19,0.03,0.09,0.09,0.1,0.12,0.19,0.09,0.04,0.02,0.1,0.03,0.08,0.1,0.22,0.22,0.1,0.07,0.1,0.11,0.1,0.06,0.22,0.22,0.04,0.07,0.07,0.07,0.11,0.07,0.01,0.04,0.06,0.09,0.08,0.05,0.04,0.14,0.17,0.01,0.05,0.11,0.07,0.17,0.13,0.2
2,28,16,2,7,14,1,7,9,17,4,10,31,1,12,3,18,7,6,6,11,8,9,6,0,10,19,25,13,3,11,19,7,17,41,11,6,1,11,3,17,18,8,2,20,11,8,6,4,87,20,13,19,21,7,1,1,9,1,81,0.05,0.01,0.05,0.09,0.22,0.1,0.0,0.01,0.03,0.14,0.01,0.04,0.05,0.14,0.1,0.06,0.05,0.02,0.12,0.01,0.08,0.22,0.04,0.13,0.01,0.01,0.0,0.12,0.05,0.17,0.21,0.09,0.01,0.14,0.05,0.22,0.06,0.12,0.11,0.22,0.08,0.03,0.05,0.09,0.18,0.03,0.01,0.01,0.01,0.13,0.22,0.1,0.0,0.04,0.22,0.13,0.15,0.15,0.22,0.18,0.2,0.17,0.11,0.01,0.03,0.03,0.06,0.07,0.06,0.09,0.09,0.03,0.18,0.08,0.1,0.04,0.03,0.02,0.06,0.1,0.21
2,26,24,4,9,9,0,8,16,14,2,13,32,2,8,3,16,12,7,8,9,7,9,3,2,12,14,33,9,5,10,15,17,20,41,16,4,1,7,8,15,15,7,3,26,16,8,9,1,69,21,9,13,19,4,1,3,10,2,78,0.06,0.01,0.03,0.1,0.22,0.05,0.04,0.03,0.01,0.15,0.02,0.04,0.09,0.2,0.1,0.05,0.02,0.06,0.1,0.02,0.05,0.1,0.06,0.13,0.01,0.0,0.02,0.06,0.06,0.15,0.22,0.12,0.01,0.05,0.08,0.22,0.12,0.02,0.1,0.22,0.14,0.1,0.11,0.04,0.15,0.03,0.0,0.01,0.02,0.15,0.22,0.11,0.03,0.04,0.21,0.17,0.07,0.07,0.22,0.14,0.17,0.19,0.09,0.01,0.05,0.01,0.05,0.14,0.06,0.11,0.07,0.04,0.12,0.15,0.15,0.05,0.01,0.02,0.05,0.18,0.22
2,28,24,3,5,9,2,11,12,13,7,9,29,1,11,3,13,10,5,7,15,8,10,6,2,9,19,26,12,1,9,19,11,15,45,13,2,1,7,4,20,15,5,6,21,13,8,6,3,77,23,9,15,18,6,0,4,7,3,89,0.06,0.0,0.05,0.09,0.22,0.08,0.03,0.0,0.03,0.11,0.05,0.12,0.08,0.13,0.11,0.0,0.05,0.05,0.11,0.02,0.06,0.17,0.07,0.12,0.0,0.01,0.0,0.13,0.05,0.2,0.19,0.1,0.01,0.12,0.08,0.22,0.09,0.09,0.06,0.22,0.15,0.03,0.07,0.09,0.11,0.03,0.01,0.0,0.01,0.1,0.22,0.14,0.05,0.1,0.22,0.12,0.1,0.15,0.22,0.17,0.22,0.13,0.11,0.0,0.03,0.04,0.05,0.08,0.1,0.07,0.13,0.03,0.11,0.15,0.13,0.04,0.02,0.03,0.04,0.13,0.22
2,27,23,2,6,10,0,10,12,12,3,11,33,2,9,2,14,10,5,6,11,8,13,3,4,14,17,28,12,2,9,19,16,19,38,13,4,2,7,8,21,14,3,1,28,13,7,8,7,67,21,11,14,16,8,1,5,9,1,85,0.06,0.0,0.04,0.08,0.22,0.09,0.02,0.02,0.01,0.13,0.05,0.01,0.11,0.1,0.13,0.09,0.05,0.04,0.12,0.0,0.07,0.13,0.05,0.14,0.01,0.0,0.0,0.15,0.06,0.2,0.2,0.12,0.02,0.05,0.06,0.22,0.12,0.1,0.16,0.19,0.1,0.05,0.04,0.05,0.16,0.01,0.03,0.0,0.04,0.15,0.22,0.11,0.02,0.05,0.22,0.22,0.04,0.08,0.22,0.1,0.21,0.21,0.03,0.0,0.04,0.02,0.07,0.09,0.07,0.12,0.06,0.03,0.08,0.14,0.15,0.03,0.01,0.04,0.05,0.15,0.22
2,18,22,1,6,7,1,6,9,14,7,18,17,2,8,12,18,11,17,26,16,39,15,7,5,13,13,19,17,4,9,14,6,17,17,6,8,3,8,12,25,5,6,7,31,28,9,3,3,42,13,4,11,15,5,3,5,21,2,78,0.12,0.03,0.01,0.01,0.09,0.0,0.0,0.06,0.06,0.13,0.0,0.02,0.02,0.09,0.11,0.14,0.18,0.15,0.23,0.08,0.03,0.02,0.01,0.03,0.04,0.03,0.12,0.09,0.03,0.0,0.0,0.06,0.01,0.0,0.14,0.23,0.16,0.07,0.04,0.06,0.07,0.08,0.11,0.21,0.12,0.23,0.04,0.05,0.08,0.23,0.08,0.01,0.09,0.07,0.18,0.05,0.11,0.15,0.13,0.09,0.06,0.04,0.16,0.03,0.01,0.06,0.11,0.12,0.08,0.04,0.07,0.05,0.23,0.17,0.21,0.16,0.11,0.19,0.15,0.12,0.19
0,23,19,2,7,5,3,2,12,19,13,19,29,3,13,10,18,16,6,8,26,20,15,8,2,13,12,23,14,8,16,14,3,11,25,13,1,0,5,13,31,9,4,4,26,31,10,5,1,33,20,10,5,13,2,2,6,13,3,87,0.08,0.02,0.0,0.01,0.04,0.1,0.09,0.18,0.01,0.22,0.0,0.03,0.12,0.02,0.12,0.16,0.14,0.06,0.08,0.03,0.04,0.22,0.22,0.02,0.06,0.09,0.1,0.22,0.22,0.01,0.02,0.04,0.01,0.01,0.0,0.15,0.02,0.13,0.13,0.06,0.22,0.09,0.14,0.11,0.08,0.17,0.08,0.02,0.04,0.22,0.11,0.12,0.05,0.17,0.22,0.22,0.15,0.01,0.08,0.01,0.03,0.07,0.03,0.01,0.02,0.03,0.08,0.14,0.14,0.01,0.03,0.02,0.05,0.02,0.05,0.02,0.12,0.13,0.11,0.22,0.05
0,19,22,4,4,7,4,4,7,7,10,13,10,3,8,17,19,12,17,27,18,38,12,8,4,13,10,17,10,8,8,12,10,18,19,6,5,1,10,13,22,12,6,6,30,39,15,7,1,28,15,7,11,18,5,2,6,13,3,84,0.12,0.01,0.01,0.01,0.05,0.0,0.03,0.09,0.1,0.1,0.06,0.08,0.03,0.05,0.07,0.13,0.17,0.09,0.23,0.03,0.04,0.0,0.01,0.01,0.06,0.04,0.02,0.05,0.04,0.02,0.01,0.04,0.01,0.01,0.11,0.23,0.14,0.13,0.06,0.03,0.0,0.11,0.14,0.15,0.19,0.23,0.14,0.15,0.09,0.2,0.23,0.05,0.07,0.21,0.12,0.01,0.16,0.23,0.12,0.03,0.06,0.12,0.07,0.03,0.01,0.05,0.1,0.05,0.11,0.09,0.08,0.04,0.23,0.23,0.03,0.03,0.04,0.03,0.1,0.2,0.23
0,20,23,1,5,7,2,7,6,12,13,13,12,2,7,11,17,14,17,26,14,36,14,11,3,18,13,23,14,5,6,9,11,19,21,6,8,1,11,16,20,9,7,6,26,36,15,6,2,22,15,3,11,26,2,4,3,15,1,81,0.1,0.02,0.01,0.01,0.06,0.0,0.02,0.07,0.11,0.11,0.05,0.06,0.03,0.05,0.15,0.1,0.12,0.1,0.24,0.03,0.02,0.02,0.02,0.01,0.05,0.07,0.04,0.03,0.03,0.0,0.02,0.06,0.0,0.03,0.15,0.22,0.05,0.19,0.03,0.03,0.03,0.05,0.16,0.12,0.16,0.24,0.1,0.08,0.17,0.2,0.24,0.03,0.09,0.21,0.06,0.03,0.19,0.19,0.21,0.04,0.08,0.06,0.11,0.01,0.04,0.03,0.12,0.08,0.11,0.06,0.1,0.06,0.24,0.24,0.04,0.02,0.06,0.01,0.08,0.23,0.1
0,17,26,1,3,7,2,6,7,6,17,12,28,4,10,11,27,11,18,21,18,31,13,9,4,18,16,16,11,5,12,7,8,23,15,5,2,0,7,16,23,6,5,7,28,41,10,5,0,34,15,7,6,24,4,2,9,15,2,71,0.11,0.01,0.0,0.01,0.09,0.0,0.0,0.04,0.07,0.1,0.07,0.04,0.05,0.04,0.1,0.1,0.19,0.09,0.23,0.03,0.02,0.03,0.02,0.01,0.02,0.08,0.08,0.03,0.03,0.02,0.01,0.03,0.01,0.0,0.11,0.23,0.17,0.09,0.05,0.01,0.07,0.07,0.21,0.12,0.23,0.23,0.17,0.08,0.13,0.17,0.13,0.07,0.0,0.22,0.05,0.0,0.15,0.12,0.15,0.02,0.1,0.1,0.1,0.04,0.03,0.05,0.02,0.02,0.05,0.23,0.07,0.02,0.23,0.07,0.03,0.01,0.23,0.08,0.12,0.22,0.23
0,26,29,1,9,8,1,5,10,11,5,21,12,4,11,14,17,12,18,8,25,21,10,15,5,16,14,18,17,5,13,10,8,15,16,11,10,2,7,11,24,14,9,17,11,43,13,8,0,16,10,6,6,7,11,0,9,6,3,100,0.11,0.13,0.03,0.03,0.06,0.02,0.01,0.15,0.11,0.18,0.06,0.13,0.2,0.1,0.01,0.01,0.07,0.15,0.21,0.15,0.1,0.03,0.08,0.01,0.01,0.02,0.05,0.2,0.16,0.13,0.15,0.21,0.21,0.05,0.01,0.12,0.09,0.11,0.12,0.1,0.01,0.15,0.08,0.21,0.21,0.16,0.17,0.04,0.06,0.05,0.21,0.08,0.06,0.15,0.07,0.02,0.03,0.17,0.21,0.09,0.02,0.08,0.09,0.03,0.02,0.05,0.07,0.07,0.02,0.09,0.05,0.08,0.15,0.08,0.05,0.06,0.09,0.08,0.04,0.07,0.14
0,24,30,1,3,7,1,13,10,11,10,18,12,6,6,16,20,13,13,10,30,33,8,15,4,21,11,20,12,6,8,6,9,15,17,12,9,3,12,9,24,17,7,14,15,36,15,5,2,9,10,6,8,11,7,0,4,6,4,100,0.15,0.15,0.05,0.02,0.09,0.02,0.01,0.13,0.08,0.1,0.06,0.11,0.21,0.13,0.03,0.01,0.06,0.19,0.18,0.21,0.07,0.05,0.07,0.02,0.01,0.03,0.01,0.17,0.16,0.17,0.21,0.21,0.16,0.07,0.06,0.12,0.2,0.07,0.16,0.1,0.11,0.08,0.19,0.16,0.13,0.15,0.1,0.08,0.02,0.06,0.19,0.07,0.06,0.18,0.08,0.02,0.06,0.14,0.21,0.1,0.03,0.03,0.07,0.04,0.0,0.07,0.06,0.07,0.01,0.1,0.05,0.06,0.14,0.1,0.04,0.06,0.09,0.05,0.09,0.05,0.14
0,22,26,2,12,7,2,9,10,9,13,15,15,4,8,11,18,14,13,9,30,30,11,11,2,17,12,19,19,6,14,9,9,17,15,6,14,0,12,13,20,14,12,11,14,35,18,7,2,16,15,4,10,11,9,0,7,8,2,84,0.16,0.14,0.02,0.02,0.08,0.01,0.02,0.16,0.07,0.21,0.07,0.12,0.18,0.13,0.01,0.0,0.04,0.18,0.19,0.19,0.05,0.06,0.05,0.02,0.02,0.01,0.03,0.2,0.21,0.15,0.21,0.21,0.21,0.0,0.04,0.09,0.16,0.09,0.08,0.12,0.1,0.05,0.17,0.19,0.12,0.16,0.17,0.03,0.05,0.07,0.21,0.08,0.03,0.13,0.09,0.05,0.07,0.06,0.21,0.05,0.06,0.04,0.02,0.03,0.02,0.02,0.05,0.04,0.03,0.12,0.06,0.08,0.15,0.1,0.05,0.04,0.06,0.08,0.09,0.06,0.11
0,26,26,1,9,7,2,5,13,16,5,14,23,3,4,10,7,11,12,10,23,42,6,11,6,11,16,22,17,4,7,7,5,17,16,11,11,3,8,17,27,22,10,11,20,34,16,3,2,13,7,7,10,9,6,1,6,10,2,104,0.08,0.19,0.01,0.04,0.06,0.03,0.0,0.06,0.18,0.11,0.12,0.1,0.18,0.15,0.01,0.05,0.01,0.18,0.13,0.21,0.06,0.06,0.06,0.03,0.01,0.01,0.03,0.18,0.19,0.09,0.21,0.21,0.16,0.1,0.0,0.09,0.15,0.11,0.11,0.06,0.13,0.08,0.16,0.21,0.08,0.21,0.16,0.09,0.01,0.09,0.19,0.07,0.1,0.04,0.06,0.07,0.1,0.12,0.21,0.11,0.04,0.02,0.02,0.05,0.04,0.05,0.06,0.07,0.04,0.01,0.04,0.06,0.21,0.05,0.11,0.04,0.09,0.05,0.07,0.02,0.12
0,23,24,3,9,6,2,4,9,5,9,18,11,3,4,13,20,16,34,6,17,33,9,4,7,14,10,17,9,8,5,3,11,17,19,9,10,5,12,14,20,14,10,12,19,40,9,8,2,12,17,7,8,13,12,3,6,18,2,100,0.06,0.0,0.02,0.02,0.08,0.06,0.06,0.1,0.14,0.21,0.06,0.0,0.1,0.1,0.02,0.01,0.04,0.21,0.21,0.05,0.03,0.02,0.05,0.04,0.05,0.17,0.17,0.15,0.12,0.07,0.06,0.21,0.01,0.08,0.08,0.14,0.18,0.07,0.2,0.08,0.06,0.15,0.12,0.13,0.14,0.21,0.1,0.1,0.03,0.04,0.08,0.07,0.18,0.16,0.01,0.05,0.21,0.11,0.21,0.03,0.04,0.04,0.02,0.17,0.15,0.0,0.04,0.12,0.11,0.11,0.11,0.12,0.09,0.1,0.15,0.03,0.11,0.06,0.04,0.03,0.07
0,23,21,2,10,7,5,7,11,6,7,17,17,1,5,13,14,14,34,4,15,41,11,5,6,16,10,15,6,5,9,10,8,19,15,12,6,7,11,13,25,14,10,19,13,36,12,6,4,3,14,4,7,12,12,4,4,22,2,103,0.06,0.02,0.02,0.0,0.1,0.04,0.04,0.12,0.13,0.2,0.08,0.03,0.09,0.13,0.03,0.03,0.06,0.17,0.23,0.04,0.05,0.0,0.06,0.05,0.03,0.06,0.23,0.14,0.16,0.09,0.09,0.15,0.11,0.05,0.09,0.13,0.15,0.07,0.07,0.08,0.1,0.05,0.12,0.08,0.19,0.23,0.18,0.06,0.04,0.04,0.07,0.15,0.1,0.14,0.01,0.04,0.23,0.13,0.23,0.06,0.03,0.03,0.03,0.17,0.14,0.03,0.0,0.12,0.12,0.05,0.09,0.21,0.06,0.08,0.14,0.1,0.12,0.04,0.07,0.06,0.11
0,28,25,4,5,4,2,5,10,1,7,13,17,1,5,11,22,9,31,11,20,39,11,3,9,17,8,14,7,2,3,8,8,19,20,8,10,7,11,9,23,9,11,11,14,39,11,7,2,11,12,2,8,11,10,4,5,21,5,124,0.04,0.01,0.01,0.01,0.07,0.05,0.06,0.12,0.19,0.22,0.02,0.06,0.07,0.06,0.03,0.02,0.02,0.2,0.22,0.06,0.03,0.02,0.04,0.03,0.08,0.03,0.21,0.18,0.11,0.12,0.09,0.14,0.05,0.06,0.05,0.09,0.08,0.09,0.22,0.13,0.05,0.16,0.07,0.09,0.2,0.22,0.09,0.03,0.05,0.05,0.06,0.04,0.22,0.22,0.04,0.06,0.19,0.15,0.22,0.05,0.05,0.04,0.0,0.12,0.13,0.0,0.04,0.1,0.07,0.07,0.13,0.16,0.1,0.11,0.15,0.05,0.15,0.02,0.04,0.04,0.08
0,20,22,1,4,11,1,2,11,21,13,20,34,2,7,8,9,13,10,7,24,28,11,9,2,10,18,44,20,5,11,15,9,8,22,17,2,1,2,11,31,8,4,6,27,26,5,7,0,39,14,5,10,14,7,1,4,11,3,77,0.1,0.0,0.0,0.02,0.07,0.07,0.05,0.18,0.01,0.22,0.05,0.03,0.04,0.03,0.15,0.12,0.12,0.09,0.1,0.05,0.06,0.22,0.22,0.04,0.03,0.07,0.12,0.19,0.19,0.03,0.02,0.1,0.01,0.03,0.07,0.22,0.09,0.15,0.09,0.07,0.16,0.13,0.1,0.08,0.07,0.18,0.11,0.0,0.04,0.19,0.17,0.17,0.0,0.12,0.22,0.22,0.02,0.02,0.14,0.06,0.12,0.07,0.1,0.02,0.04,0.03,0.08,0.06,0.16,0.1,0.03,0.0,0.04,0.01,0.04,0.07,0.15,0.1,0.11,0.2,0.09
0,28,30,2,5,4,3,9,9,3,8,16,13,0,4,13,24,12,29,8,26,30,8,6,3,22,9,12,9,6,4,12,9,19,23,10,9,6,9,12,22,9,6,16,14,41,13,4,3,10,8,1,5,9,16,2,3,18,4,116,0.04,0.01,0.01,0.01,0.08,0.05,0.05,0.12,0.15,0.22,0.01,0.04,0.08,0.08,0.01,0.04,0.0,0.21,0.22,0.05,0.03,0.03,0.05,0.02,0.04,0.15,0.12,0.14,0.13,0.09,0.11,0.16,0.02,0.08,0.06,0.09,0.09,0.1,0.21,0.11,0.07,0.08,0.18,0.07,0.21,0.22,0.1,0.01,0.07,0.03,0.07,0.03,0.22,0.22,0.0,0.05,0.22,0.06,0.22,0.08,0.01,0.06,0.03,0.1,0.14,0.02,0.03,0.1,0.05,0.1,0.15,0.19,0.09,0.11,0.17,0.04,0.12,0.05,0.04,0.04,0.05
0,10,11,2,24,8,0,18,4,1,11,8,37,2,0,10,71,16,9,1,0,18,19,0,1,2,1,0,1,1,3,6,11,58,44,6,6,1,27,21,138,29,5,6,5,37,25,3,3,5,3,2,4,0,3,0,2,10,0,35,0.01,0.01,0.05,0.0,0.01,0.0,0.0,0.0,0.0,0.04,0.07,0.17,0.13,0.11,0.12,0.1,0.0,0.0,0.05,0.02,0.0,0.0,0.02,0.0,0.05,0.02,0.08,0.02,0.06,0.28,0.09,0.03,0.0,0.0,0.02,0.02,0.22,0.1,0.12,0.14,0.03,0.08,0.07,0.19,0.13,0.05,0.0,0.04,0.0,0.01,0.06,0.28,0.09,0.03,0.28,0.28,0.03,0.01,0.02,0.01,0.02,0.01,0.17,0.28,0.0,0.0,0.0,0.03,0.01,0.04,0.28,0.28,0.09,0.02,0.01,0.0,0.0,0.01,0.01,0.24,0.28
0,7,13,1,29,8,0,14,9,0,10,9,32,2,0,3,62,14,4,1,2,23,9,2,2,5,1,1,0,0,2,9,12,48,77,7,5,1,21,14,177,23,5,7,7,22,20,1,1,2,4,0,2,2,1,1,1,8,1,40,0.02,0.01,0.04,0.01,0.01,0.0,0.0,0.0,0.0,0.03,0.05,0.08,0.11,0.14,0.14,0.14,0.0,0.0,0.05,0.03,0.01,0.0,0.0,0.0,0.0,0.01,0.0,0.02,0.02,0.26,0.02,0.01,0.0,0.0,0.0,0.0,0.12,0.07,0.17,0.14,0.03,0.06,0.08,0.18,0.18,0.05,0.02,0.02,0.01,0.02,0.16,0.26,0.13,0.05,0.26,0.26,0.12,0.01,0.02,0.02,0.01,0.01,0.01,0.26,0.04,0.0,0.01,0.02,0.07,0.01,0.26,0.26,0.26,0.01,0.02,0.0,0.01,0.0,0.04,0.26,0.26
0,9,12,2,24,13,1,11,5,2,11,12,40,1,1,9,71,14,7,0,1,16,18,1,1,2,1,0,0,0,2,6,19,42,58,4,7,1,25,17,143,26,6,6,7,24,27,4,1,6,5,1,4,0,3,3,1,10,1,40,0.01,0.01,0.05,0.01,0.01,0.0,0.0,0.0,0.0,0.05,0.08,0.11,0.14,0.2,0.15,0.06,0.01,0.01,0.08,0.04,0.0,0.0,0.01,0.06,0.05,0.04,0.04,0.02,0.04,0.27,0.1,0.03,0.0,0.0,0.0,0.05,0.19,0.09,0.11,0.12,0.05,0.08,0.08,0.13,0.14,0.06,0.1,0.03,0.0,0.01,0.19,0.27,0.06,0.02,0.22,0.27,0.04,0.01,0.03,0.01,0.02,0.04,0.08,0.27,0.0,0.0,0.0,0.03,0.05,0.06,0.27,0.27,0.18,0.02,0.02,0.0,0.0,0.0,0.02,0.27,0.27
0,8,11,2,26,10,0,20,3,0,11,7,33,2,0,4,56,14,5,1,0,28,13,2,1,0,0,0,0,0,2,11,20,42,99,5,5,1,21,18,92,29,5,11,8,60,35,2,0,5,7,1,4,0,2,2,1,7,0,32,0.01,0.0,0.05,0.01,0.01,0.0,0.0,0.0,0.0,0.03,0.09,0.12,0.05,0.17,0.0,0.02,0.01,0.0,0.03,0.0,0.0,0.0,0.06,0.06,0.12,0.05,0.05,0.0,0.03,0.26,0.03,0.01,0.0,0.0,0.0,0.0,0.12,0.12,0.17,0.14,0.08,0.01,0.14,0.05,0.17,0.19,0.04,0.08,0.0,0.01,0.17,0.26,0.03,0.07,0.26,0.26,0.04,0.01,0.01,0.01,0.01,0.01,0.01,0.26,0.06,0.0,0.0,0.01,0.05,0.06,0.26,0.26,0.26,0.0,0.03,0.0,0.01,0.01,0.0,0.26,0.26
0,21,17,2,4,13,0,5,8,17,16,18,30,3,6,12,8,16,11,6,28,29,15,7,1,15,17,36,13,12,12,9,6,8,24,15,1,4,5,14,39,10,3,9,24,27,11,1,2,31,17,8,8,19,4,0,5,9,1,72,0.09,0.0,0.0,0.02,0.07,0.06,0.07,0.16,0.04,0.23,0.06,0.03,0.04,0.08,0.11,0.17,0.1,0.06,0.08,0.07,0.1,0.2,0.23,0.03,0.01,0.06,0.11,0.17,0.23,0.04,0.01,0.1,0.0,0.04,0.04,0.22,0.13,0.15,0.11,0.05,0.17,0.14,0.14,0.08,0.04,0.08,0.08,0.01,0.08,0.17,0.19,0.13,0.07,0.22,0.13,0.23,0.11,0.02,0.09,0.07,0.06,0.12,0.11,0.03,0.04,0.02,0.06,0.1,0.16,0.06,0.02,0.0,0.06,0.0,0.03,0.1,0.12,0.11,0.13,0.18,0.15
0,21,17,7,7,9,2,1,12,17,13,20,35,4,11,8,18,14,6,4,29,18,7,16,3,16,14,40,14,9,13,10,8,8,23,20,1,1,3,9,31,7,4,7,21,31,5,5,3,41,15,5,8,10,5,1,9,11,3,74,0.07,0.0,0.0,0.04,0.08,0.04,0.07,0.16,0.04,0.22,0.05,0.02,0.03,0.04,0.09,0.12,0.09,0.12,0.11,0.01,0.11,0.22,0.15,0.04,0.03,0.15,0.13,0.19,0.18,0.01,0.04,0.09,0.02,0.03,0.03,0.22,0.08,0.16,0.08,0.13,0.2,0.16,0.05,0.04,0.04,0.16,0.13,0.06,0.01,0.12,0.22,0.14,0.11,0.07,0.21,0.22,0.07,0.01,0.15,0.13,0.06,0.09,0.13,0.03,0.06,0.01,0.08,0.07,0.15,0.07,0.04,0.03,0.04,0.01,0.06,0.05,0.19,0.12,0.1,0.17,0.08
0,28,22,3,7,7,1,2,11,16,18,13,27,1,10,4,6,14,2,12,22,21,11,10,1,9,22,23,18,6,9,13,5,20,28,16,4,6,8,9,10,18,3,2,22,32,9,1,5,29,12,3,18,18,5,2,5,10,5,110,0.07,0.04,0.15,0.11,0.09,0.12,0.18,0.1,0.07,0.13,0.06,0.03,0.06,0.14,0.18,0.04,0.04,0.03,0.12,0.04,0.04,0.03,0.17,0.08,0.08,0.09,0.0,0.01,0.04,0.21,0.07,0.21,0.17,0.02,0.03,0.03,0.17,0.21,0.07,0.11,0.09,0.18,0.09,0.07,0.16,0.09,0.12,0.21,0.06,0.03,0.06,0.21,0.11,0.09,0.11,0.21,0.06,0.12,0.21,0.02,0.02,0.01,0.02,0.02,0.14,0.21,0.1,0.14,0.06,0.03,0.05,0.02,0.08,0.08,0.0,0.11,0.09,0.1,0.08,0.09,0.12
0,25,23,2,8,8,4,5,13,11,15,12,34,3,4,4,7,10,5,12,14,28,3,13,2,10,16,16,18,5,12,16,10,24,20,14,9,3,7,8,15,20,7,8,19,24,7,12,4,38,18,6,14,23,7,2,4,4,1,98,0.14,0.05,0.08,0.06,0.09,0.15,0.09,0.16,0.01,0.03,0.02,0.03,0.08,0.13,0.19,0.06,0.05,0.07,0.07,0.02,0.03,0.04,0.12,0.21,0.01,0.01,0.05,0.05,0.05,0.21,0.21,0.21,0.21,0.08,0.08,0.02,0.21,0.07,0.04,0.06,0.14,0.1,0.08,0.04,0.21,0.06,0.18,0.14,0.04,0.07,0.06,0.08,0.05,0.21,0.02,0.21,0.08,0.05,0.2,0.06,0.07,0.05,0.02,0.02,0.13,0.13,0.09,0.08,0.12,0.07,0.01,0.01,0.17,0.21,0.12,0.08,0.14,0.02,0.1,0.04,0.07
0,25,23,2,8,8,4,5,13,11,15,12,34,3,4,4,7,10,5,12,14,28,3,13,2,10,16,16,18,5,12,16,10,24,20,14,9,3,7,8,15,20,7,8,19,24,7,12,4,38,18,6,14,23,7,2,4,4,1,98,0.14,0.05,0.08,0.06,0.09,0.15,0.09,0.16,0.01,0.03,0.02,0.03,0.08,0.13,0.19,0.06,0.05,0.07,0.07,0.02,0.03,0.04,0.12,0.21,0.01,0.01,0.05,0.05,0.05,0.21,0.21,0.21,0.21,0.08,0.08,0.02,0.21,0.07,0.04,0.06,0.14,0.1,0.08,0.04,0.21,0.06,0.18,0.14,0.04,0.07,0.06,0.08,0.05,0.21,0.02,0.21,0.08,0.05,0.2,0.06,0.07,0.05,0.02,0.02,0.13,0.13,0.09,0.08,0.12,0.07,0.01,0.01,0.17,0.21,0.12,0.08,0.14,0.02,0.1,0.04,0.07
0,23,23,1,4,9,5,8,11,17,12,11,38,3,3,5,7,16,7,9,16,28,5,11,3,10,16,14,16,7,12,23,6,21,23,13,8,2,5,8,12,18,7,7,17,26,8,12,4,44,16,5,15,22,8,1,3,2,2,96,0.13,0.05,0.06,0.09,0.1,0.14,0.07,0.17,0.03,0.05,0.02,0.01,0.09,0.11,0.2,0.07,0.05,0.06,0.06,0.02,0.04,0.04,0.14,0.21,0.01,0.0,0.06,0.03,0.03,0.22,0.19,0.22,0.18,0.08,0.1,0.01,0.22,0.1,0.02,0.06,0.18,0.06,0.05,0.07,0.18,0.05,0.22,0.12,0.01,0.07,0.07,0.09,0.05,0.22,0.04,0.22,0.07,0.04,0.21,0.1,0.06,0.01,0.02,0.01,0.14,0.13,0.11,0.07,0.12,0.07,0.02,0.02,0.14,0.22,0.1,0.12,0.11,0.04,0.03,0.09,0.07
0,17,21,0,5,7,2,8,11,8,12,18,28,5,11,13,30,12,14,15,16,29,16,11,0,21,12,23,13,7,7,8,14,16,17,11,4,1,9,12,25,10,4,10,24,38,12,4,1,24,12,10,5,22,5,1,3,15,3,72,0.08,0.02,0.01,0.02,0.09,0.0,0.01,0.02,0.11,0.12,0.08,0.05,0.02,0.06,0.11,0.11,0.19,0.11,0.22,0.05,0.02,0.0,0.01,0.02,0.03,0.03,0.16,0.05,0.02,0.02,0.02,0.05,0.0,0.03,0.17,0.17,0.12,0.08,0.05,0.05,0.04,0.05,0.2,0.17,0.04,0.22,0.18,0.05,0.2,0.22,0.19,0.04,0.08,0.18,0.1,0.01,0.17,0.16,0.16,0.02,0.05,0.05,0.09,0.07,0.02,0.03,0.02,0.05,0.06,0.22,0.11,0.06,0.22,0.06,0.03,0.04,0.06,0.14,0.22,0.15,0.22
